,subid,target,final_round_person,age,word,1_match,2_match,3_match
0,4,A1,parent,6,miss,False,False,False
1,4,A1,parent,6,person,False,True,False
2,4,A1,parent,6,street,False,False,False
3,4,A1,parent,6,walk,True,False,True
4,4,B1,parent,6,kick,False,False,False
5,4,B1,parent,6,look,True,False,True
6,4,B1,parent,6,person,True,True,True
7,4,B1,parent,6,pinecone,False,False,False
8,4,B1,parent,6,play,False,False,False
9,4,B1,parent,6,rocket,False,False,False
10,4,B1,parent,6,zzz,False,False,True
11,4,C1,parent,6,arm,False,False,False
12,4,C1,parent,6,dive,False,False,False
13,4,C1,parent,6,person,False,True,True
14,4,C1,parent,6,pool,False,False,False
15,4,D1,child,6,end,False,False,False
16,4,D1,child,6,like,True,True,False
17,4,D1,child,6,look,True,True,False
18,4,D1,child,6,ocean,False,False,False
19,4,D1,child,6,person,True,True,True
20,4,D1,child,6,swim,True,True,False
21,4,E1,parent,6,catch,False,False,False
22,4,E1,parent,6,jump,True,False,True
23,4,E1,parent,6,person,True,True,False
24,4,F1,parent,6,person,True,True,True
25,4,F1,parent,6,run,False,False,True
26,4,F1,parent,6,say,False,True,False
27,4,F1,parent,6,street,False,False,False
28,4,G1,child,6,bench,False,True,False
29,4,G1,child,6,bus,False,False,False
30,4,G1,child,6,oh,False,False,False
31,4,G1,child,6,person,False,True,True
32,4,G1,child,6,quietly,False,False,False
33,4,G1,child,6,turn,False,False,False
34,4,G1,child,6,wait,False,False,False
35,4,H1,child,6,flower,False,False,False
36,4,H1,child,6,give,False,False,False
37,4,H1,child,6,like,True,True,True
38,4,H1,child,6,look,True,True,True
39,4,H1,child,6,person,False,False,True
40,4,H1,child,6,zzz,False,False,False
41,4,I1,child,6,bucket,False,False,False
42,4,I1,child,6,flower,False,False,True
43,4,I1,child,6,garden,False,False,False
44,4,I1,child,6,hold,False,False,False
45,4,I1,child,6,person,False,False,True
46,4,I1,child,6,put,False,False,False
47,4,K1,child,6,anybody,False,False,False
48,4,K1,child,6,hold,False,False,True
49,4,K1,child,6,mean,False,False,False
50,4,K1,child,6,person,False,True,True
51,4,K1,child,6,pot,False,False,False
52,4,K1,child,6,soup,False,False,False
53,4,K1,child,6,want,False,False,False
54,4,K1,child,6,water,False,False,False
55,5,A1,child,4,blue,False,True,False
56,5,A1,child,4,box,False,True,False
57,5,A1,child,4,face,False,False,False
58,5,A1,child,4,guy,False,False,False
59,5,A1,child,4,head,False,False,False
60,5,A1,child,4,left,False,False,True
61,5,A1,child,4,person,True,True,False
62,5,A1,child,4,right,True,False,False
63,5,A1,child,4,run,False,True,False
64,5,A1,child,4,triangle,False,False,False
65,5,A1,child,4,um,False,False,False
66,5,A1,child,4,way,False,False,False
67,5,A1,child,4,zzz,False,False,False
68,5,B1,parent,4,airplane,False,False,False
69,5,B1,parent,4,choice,False,False,False
70,5,B1,parent,4,crash,False,False,False
71,5,B1,parent,4,describe,False,True,False
72,5,B1,parent,4,go,True,False,False
73,5,B1,parent,4,good,False,False,False
74,5,B1,parent,4,mhm,False,False,False
75,5,B1,parent,4,ok,False,False,False
76,5,B1,parent,4,person,True,True,True
77,5,B1,parent,4,pick,False,True,False
78,5,B1,parent,4,say,False,False,False
79,5,B1,parent,4,stay,False,False,False
80,5,B1,parent,4,think,False,False,False
81,5,B1,parent,4,to,False,False,False
82,5,B1,parent,4,triangle,False,False,False
83,5,B1,parent,4,uh,True,False,False
84,5,B1,parent,4,zzz,True,False,False
85,5,C1,child,4,blue,False,True,False
86,5,C1,child,4,box,True,True,False
87,5,C1,child,4,crawl,False,False,True
88,5,C1,child,4,diamond,False,False,False
89,5,C1,child,4,person,False,False,True
90,5,C1,child,4,run,False,False,False
91,5,C1,child,4,um,False,False,False
92,5,D1,parent,4,choice,False,False,False
93,5,D1,parent,4,good,False,False,False
94,5,D1,parent,4,huh,False,False,False
95,5,D1,parent,4,mhm,False,False,False
96,5,D1,parent,4,ok,False,False,False
97,5,D1,parent,4,rocket,False,False,False
98,5,D1,parent,4,thing,False,False,False
99,5,D1,parent,4,triangle,False,False,True
100,5,D1,parent,4,uh,False,False,False
101,5,D1,parent,4,zzz,True,True,False
102,5,E1,child,4,face,False,False,False
103,5,E1,child,4,jump,False,True,True
104,5,E1,child,4,person,False,False,True
105,5,E1,child,4,point,False,False,False
106,5,E1,child,4,triangle,False,False,False
107,5,E1,child,4,um,False,True,False
108,5,F1,parent,4,like,True,True,False
109,5,F1,parent,4,ready,False,False,False
110,5,G1,parent,4,applesauce,False,False,False
111,5,G1,parent,4,choice,False,False,False
112,5,G1,parent,4,criss,False,False,False
113,5,G1,parent,4,cross,False,False,False
114,5,G1,parent,4,fold,False,False,False
115,5,G1,parent,4,good,False,False,False
116,5,G1,parent,4,kneel,False,True,False
117,5,G1,parent,4,leg,False,False,True
118,5,G1,parent,4,like,True,False,False
119,5,G1,parent,4,look,True,False,False
120,5,G1,parent,4,mhm,False,False,False
121,5,G1,parent,4,ok,False,False,False
122,5,G1,parent,4,person,True,False,True
123,5,G1,parent,4,push,False,False,False
124,5,G1,parent,4,somebody,False,True,False
125,5,G1,parent,4,tell,False,False,False
126,5,G1,parent,4,think,False,False,False
127,5,G1,parent,4,yeah,True,False,True
128,5,G1,parent,4,zzz,False,True,False
129,5,H1,parent,4,choice,False,False,False
130,5,H1,parent,4,describe,False,True,False
131,5,H1,parent,4,good,False,False,False
132,5,H1,parent,4,hold,False,False,False
133,5,H1,parent,4,like,False,True,False
134,5,H1,parent,4,look,False,False,False
135,5,H1,parent,4,mhm,False,True,True
136,5,H1,parent,4,ok,False,True,False
137,5,H1,parent,4,person,False,True,True
138,5,H1,parent,4,say,False,False,False
139,5,H1,parent,4,tell,False,False,False
140,5,H1,parent,4,think,False,False,False
141,5,H1,parent,4,um,False,False,True
142,5,H1,parent,4,zzz,False,False,False
143,5,I1,child,4,doggy,True,False,False
144,5,I1,child,4,um,False,True,False
145,5,K1,child,4,blue,False,False,False
146,5,K1,child,4,box,False,False,False
147,5,K1,child,4,doggy,True,True,True
148,5,K1,child,4,leg,True,True,False
149,5,K1,child,4,person,False,True,False
150,5,K1,child,4,pick,True,False,False
151,5,K1,child,4,run,False,True,False
152,5,K1,child,4,stand,True,False,False
153,5,K1,child,4,standing,False,True,False
154,5,K1,child,4,think,True,False,True
155,5,K1,child,4,um,False,False,False
156,7,A1,parent,6,foot,False,True,False
157,7,A1,parent,6,get,False,False,False
158,7,A1,parent,6,ground,False,False,False
159,7,A1,parent,6,run,False,True,True
160,7,B1,parent,6,look,False,True,True
161,7,B1,parent,6,walk,True,True,True
162,7,C1,parent,6,elbow,False,True,False
163,7,C1,parent,6,knee,False,True,True
164,7,D1,child,6,book,False,True,True
165,7,D1,child,6,lay,True,True,True
166,7,D1,child,6,read,True,True,True
167,7,E1,parent,6,joy,False,True,False
168,7,E1,parent,6,jump,True,True,True
169,7,G1,child,6,chair,True,False,True
170,7,G1,child,6,sit,True,True,True
171,7,H1,child,6,bowl,False,False,True
172,7,H1,child,6,hold,True,True,True
173,7,H1,child,6,zzz,False,True,False
174,7,I1,child,6,zzz,False,False,False
175,7,K1,parent,6,bit,False,True,False
176,7,K1,parent,6,get,False,False,False
177,7,K1,parent,6,lean,True,False,True
178,7,K1,parent,6,triangle,False,False,False
179,7,K1,parent,6,tush,False,False,False
180,9,A1,parent,6,away,False,False,False
181,9,A1,parent,6,kind,False,False,False
182,9,A1,parent,6,like,True,True,True
183,9,A1,parent,6,look,True,True,True
184,9,A1,parent,6,oh,False,False,False
185,9,A1,parent,6,run,False,False,False
186,9,A1,parent,6,um,True,False,False
187,9,A1,parent,6,walk,False,False,False
188,9,B1,child,6,day,False,True,True
189,9,B1,child,6,like,True,True,False
190,9,B1,child,6,look,True,True,False
191,9,B1,child,6,sad,False,True,True
192,9,C1,child,6,like,True,True,True
193,9,C1,child,6,look,True,True,True
194,9,C1,child,6,pray,True,True,True
195,9,D1,child,6,fly,False,False,False
196,9,D1,child,6,jet,False,True,True
197,9,D1,child,6,like,True,True,False
198,9,D1,child,6,look,True,True,False
199,9,E1,child,6,cliff,False,False,True
200,9,E1,child,6,like,True,True,True
201,9,E1,child,6,look,True,True,True
202,9,E1,child,6,skydive,False,False,False
203,9,E1,child,6,um,True,False,True
204,9,F1,child,6,like,True,True,True
205,9,F1,child,6,look,True,True,True
206,9,F1,child,6,scary,False,False,False
207,9,F1,child,6,see,False,False,False
208,9,G1,parent,6,dress,True,True,True
209,9,G1,parent,6,like,True,True,True
210,9,G1,parent,6,look,True,True,True
211,9,G1,parent,6,quietly,False,True,False
212,9,G1,parent,6,sit,True,True,True
213,9,H1,parent,6,hat,False,False,False
214,9,H1,parent,6,like,True,True,True
215,9,H1,parent,6,look,True,True,True
216,9,H1,parent,6,offer,False,False,True
217,9,H1,parent,6,pointy,False,False,False
218,9,H1,parent,6,uh,False,False,False
219,9,I1,parent,6,like,True,False,True
220,9,I1,parent,6,look,True,False,True
221,9,I1,parent,6,offer,True,True,True
222,9,K1,parent,6,dog,True,False,True
223,9,K1,parent,6,like,True,True,True
224,9,K1,parent,6,look,True,True,True
225,9,K1,parent,6,offer,False,True,True
226,9,K1,parent,6,tray,False,False,False
227,10,A1,parent,8,away,False,True,False
228,10,A1,parent,8,run,True,True,False
229,10,C1,parent,8,lay,False,False,False
230,10,C1,parent,8,prayer,False,True,False
231,10,C1,parent,8,uh,True,False,True
232,10,D1,child,8,leg,True,False,True
233,10,E1,child,8,person,False,True,True
234,10,E1,child,8,wee,False,False,False
235,10,F1,parent,8,dab,False,False,False
236,10,G1,child,8,sit,True,True,True
237,10,H1,parent,8,bowl,False,True,True
238,10,H1,parent,8,hold,False,True,True
239,10,H1,parent,8,person,True,True,True
240,10,H1,parent,8,soup,False,False,True
241,10,I1,parent,8,bowl,True,True,False
242,10,I1,parent,8,hold,False,True,True
243,10,I1,parent,8,soup,False,False,False
244,10,K1,child,8,butt,False,True,True
245,10,K1,child,8,stick,True,True,True
246,11,A1,child,4,like,False,False,True
247,11,A1,child,4,triangle,True,True,False
248,11,A1,child,4,uh,False,False,True
249,11,B1,parent,4,get,False,True,True
250,11,B1,parent,4,like,False,True,False
251,11,B1,parent,4,look,False,True,False
252,11,B1,parent,4,man,False,True,True
253,11,B1,parent,4,sad,False,True,True
254,11,B1,parent,4,walk,True,True,True
255,11,C1,parent,4,crawl,True,True,True
256,11,C1,parent,4,get,False,True,False
257,11,C1,parent,4,like,False,True,False
258,11,C1,parent,4,look,False,True,False
259,11,D1,child,4,boat,False,False,True
260,11,D1,child,4,like,False,False,True
261,11,D1,child,4,look,False,True,True
262,11,E1,parent,4,get,False,True,False
263,11,E1,parent,4,jump,False,True,False
264,11,F1,child,4,get,True,True,True
265,11,F1,child,4,like,True,False,True
266,11,F1,child,4,look,True,False,True
267,11,F1,child,4,run,True,True,True
268,11,F1,child,4,wide,False,True,True
269,11,G1,child,4,diamond,False,True,False
270,11,G1,child,4,triangle,False,True,False
271,11,H1,parent,4,crawl,False,False,False
272,11,H1,parent,4,get,False,True,False
273,11,H1,parent,4,man,False,False,False
274,11,K1,child,4,dog,False,False,False
275,11,K1,child,4,stand,False,False,False
276,12,A1,child,6,big,False,False,False
277,12,A1,child,6,man,True,True,True
278,12,A1,child,6,um,False,True,False
279,12,A1,child,6,zzz,False,False,False
280,12,B1,parent,6,ground,False,False,False
281,12,B1,parent,6,look,False,False,False
282,12,B1,parent,6,man,True,True,True
283,12,B1,parent,6,ok,False,True,False
284,12,C1,child,6,dog,False,False,True
285,12,C1,child,6,man,True,True,False
286,12,D1,child,6,lay,True,True,True
287,12,D1,child,6,man,True,True,True
288,12,E1,parent,6,air,False,True,False
289,12,E1,parent,6,jump,False,True,True
290,12,E1,parent,6,man,True,True,True
291,12,F1,child,6,man,True,True,True
292,12,F1,child,6,mhm,False,False,False
293,12,F1,child,6,point,True,False,True
294,12,F1,child,6,um,False,False,False
295,12,G1,parent,6,get,False,True,False
296,12,G1,parent,6,man,False,True,True
297,12,G1,parent,6,sit,False,True,True
298,12,H1,child,6,man,True,True,True
299,12,H1,child,6,point,True,True,True
300,12,I1,parent,6,man,True,True,True
301,12,I1,parent,6,triangle,True,True,True
302,12,I1,parent,6,upside,False,False,False
303,12,K1,parent,6,get,False,False,False
304,12,K1,parent,6,jumping,False,False,False
305,12,K1,parent,6,man,True,True,True
306,12,K1,parent,6,ok,False,False,False
307,12,K1,parent,6,point,False,False,False
308,13,A1,parent,6,blue,True,True,True
309,13,A1,parent,6,box,True,True,True
310,13,A1,parent,6,run,True,True,True
311,13,B1,child,6,away,False,False,False
312,13,B1,child,6,head,True,True,True
313,13,B1,child,6,somebody,False,False,True
314,13,B1,child,6,walk,True,True,True
315,13,C1,parent,6,bent,False,False,False
316,13,C1,parent,6,blue,True,True,False
317,13,C1,parent,6,box,True,True,False
318,13,C1,parent,6,ground,False,True,False
319,13,D1,parent,6,blue,True,True,True
320,13,D1,parent,6,box,True,True,True
321,13,D1,parent,6,lay,False,True,True
322,13,D1,parent,6,like,True,True,False
323,13,D1,parent,6,look,False,True,False
324,13,D1,parent,6,read,False,False,False
325,13,E1,child,6,air,False,False,False
326,13,E1,child,6,blue,True,True,True
327,13,E1,child,6,box,True,True,True
328,13,E1,child,6,jump,True,True,True
329,13,E1,child,6,jumping,False,False,False
330,13,E1,child,6,like,True,False,False
331,13,E1,child,6,look,True,False,False
332,13,E1,child,6,point,False,False,False
333,13,F1,parent,6,blue,True,True,True
334,13,F1,parent,6,box,True,True,True
335,13,F1,parent,6,run,True,True,False
336,13,G1,child,6,sit,True,True,True
337,13,H1,child,6,blue,True,True,True
338,13,H1,child,6,box,True,True,True
339,13,H1,child,6,sit,False,False,True
340,13,H1,child,6,zzz,False,True,False
341,13,I1,parent,6,bend,True,True,True
342,13,I1,parent,6,blue,True,True,True
343,13,I1,parent,6,box,True,True,True
344,13,I1,parent,6,hand,False,False,False
345,13,I1,parent,6,somebody,False,False,False
346,13,I1,parent,6,stand,False,True,False
347,13,K1,child,6,bend,False,True,False
348,13,K1,child,6,blue,True,True,False
349,13,K1,child,6,book,False,False,False
350,13,K1,child,6,box,True,True,False
351,13,K1,child,6,read,False,False,False
352,14,A1,parent,8,like,True,True,False
353,14,A1,parent,8,look,True,True,False
354,14,A1,parent,8,pick,True,True,True
355,14,A1,parent,8,run,False,True,False
356,14,B1,parent,8,like,True,True,True
357,14,B1,parent,8,look,True,True,True
358,14,B1,parent,8,person,False,True,False
359,14,B1,parent,8,pick,True,True,False
360,14,B1,parent,8,walk,False,True,False
361,14,C1,child,8,dome,True,True,False
362,14,C1,child,8,like,True,True,True
363,14,C1,child,8,pick,True,True,True
364,14,D1,child,8,like,False,True,True
365,14,D1,child,8,look,False,True,True
366,14,D1,child,8,pick,True,True,True
367,14,D1,child,8,racecar,False,True,True
368,14,E1,parent,8,jump,False,False,False
369,14,E1,parent,8,like,True,True,True
370,14,E1,parent,8,look,True,True,True
371,14,E1,parent,8,pick,True,True,True
372,14,F1,parent,8,like,True,True,True
373,14,F1,parent,8,pick,True,True,True
374,14,F1,parent,8,run,True,True,False
375,14,G1,parent,8,kneel,False,True,False
376,14,G1,parent,8,like,True,True,True
377,14,G1,parent,8,pick,True,True,True
378,14,G1,parent,8,seat,False,True,False
379,14,G1,parent,8,sit,False,False,True
380,14,H1,child,8,like,True,False,True
381,14,H1,child,8,pastor,True,False,True
382,14,H1,child,8,pick,True,True,True
383,14,I1,child,8,like,True,False,True
384,14,I1,child,8,pick,True,True,True
385,14,I1,child,8,server,False,False,False
386,14,K1,child,8,like,True,True,True
387,14,K1,child,8,look,True,True,True
388,14,K1,child,8,pick,True,True,True
389,14,K1,child,8,serve,False,False,False
390,15,A1,parent,4,pick,False,True,False
391,15,A1,parent,4,walk,False,True,False
392,15,A1,parent,4,want,False,True,False
393,15,B1,child,4,hat,False,False,False
394,15,C1,child,4,floor,False,False,False
395,15,C1,child,4,lay,False,False,False
396,15,C1,child,4,square,False,False,False
397,15,C1,child,4,um,False,False,False
398,15,D1,parent,4,floor,False,False,False
399,15,D1,parent,4,lay,True,True,True
400,15,D1,parent,4,pick,True,True,False
401,15,D1,parent,4,want,False,True,False
402,15,E1,parent,4,jump,False,True,True
403,15,E1,parent,4,pick,False,True,False
404,15,E1,parent,4,want,False,False,False
405,15,F1,parent,4,air,False,False,False
406,15,F1,parent,4,excited,False,False,False
407,15,F1,parent,4,hand,False,False,False
408,15,F1,parent,4,know,False,False,False
409,15,F1,parent,4,not,False,False,False
410,15,F1,parent,4,pick,False,True,False
411,15,F1,parent,4,screen,False,False,False
412,15,F1,parent,4,stand,False,False,False
413,15,F1,parent,4,walk,False,False,False
414,15,F1,parent,4,want,False,True,False
415,15,G1,child,4,floor,False,False,False
416,15,G1,child,4,lay,True,False,False
417,15,G1,child,4,pick,True,True,True
418,15,G1,child,4,square,False,True,False
419,15,H1,child,4,pick,True,True,True
420,15,H1,child,4,stand,True,True,True
421,15,I1,child,4,hold,False,False,True
422,15,I1,child,4,triangle,False,False,True
423,15,K1,parent,4,guy,False,False,False
424,15,K1,parent,4,hat,False,False,True
425,15,K1,parent,4,pick,False,True,False
426,15,K1,parent,4,want,False,True,False
427,16,A1,parent,4,diamond,False,True,True
428,16,A1,parent,4,head,False,True,True
429,16,A1,parent,4,run,False,True,True
430,16,A1,parent,4,somebody,False,False,True
431,16,B1,child,4,ground,True,True,True
432,16,B1,child,4,guy,False,False,False
433,16,B1,child,4,look,True,True,True
434,16,B1,child,4,sadly,False,False,False
435,16,C1,parent,4,crawl,False,True,False
436,16,C1,parent,4,diamond,False,False,False
437,16,C1,parent,4,foot,True,False,True
438,16,C1,parent,4,ground,False,True,False
439,16,C1,parent,4,head,False,False,False
440,16,C1,parent,4,leg,True,False,True
441,16,C1,parent,4,like,True,True,True
442,16,C1,parent,4,look,False,True,True
443,16,C1,parent,4,mmm,False,False,False
444,16,C1,parent,4,ok,False,False,False
445,16,C1,parent,4,person,False,False,False
446,16,C1,parent,4,somebody,False,True,True
447,16,C1,parent,4,square,True,False,True
448,16,C1,parent,4,uh,False,False,False
449,16,C1,parent,4,um,True,False,False
450,16,D1,parent,4,airplane,False,True,False
451,16,D1,parent,4,like,True,True,True
452,16,D1,parent,4,look,True,True,True
453,16,D1,parent,4,square,True,True,False
454,16,D1,parent,4,uh,False,False,False
455,16,E1,child,4,air,False,False,True
456,16,E1,child,4,jump,True,False,True
457,16,E1,child,4,like,True,True,True
458,16,E1,child,4,look,True,True,True
459,16,E1,child,4,somebody,False,True,False
460,16,F1,child,4,air,False,True,True
461,16,F1,child,4,arm,False,True,True
462,16,F1,child,4,foot,False,False,True
463,16,F1,child,4,head,False,False,True
464,16,F1,child,4,like,False,True,True
465,16,F1,child,4,look,False,True,True
466,16,F1,child,4,square,False,False,True
467,16,F1,child,4,triangle,False,False,True
468,16,F1,child,4,want,False,False,False
469,16,G1,child,4,like,True,True,True
470,16,G1,child,4,look,True,True,False
471,16,G1,child,4,rocketship,True,False,True
472,16,G1,child,4,square,True,True,True
473,16,G1,child,4,touch,False,False,True
474,16,H1,parent,4,diamond,True,True,True
475,16,H1,parent,4,head,True,True,True
476,16,H1,parent,4,like,True,True,True
477,16,H1,parent,4,look,True,True,True
478,16,H1,parent,4,person,False,False,False
479,16,I1,child,4,hold,True,True,True
480,16,I1,child,4,like,True,False,False
481,16,I1,child,4,look,True,False,False
482,16,I1,child,4,somebody,True,True,True
483,16,I1,child,4,triangle,True,True,True
484,16,K1,parent,4,dog,False,True,True
485,16,K1,parent,4,jump,False,True,True
486,16,K1,parent,4,like,True,True,False
487,16,K1,parent,4,look,True,True,False
488,17,A1,child,8,lay,False,False,False
489,17,A1,child,8,person,True,True,True
490,17,B1,parent,8,dog,False,False,False
491,17,B1,parent,8,lose,False,False,False
492,17,B1,parent,8,person,True,True,True
493,17,C1,child,8,person,True,True,True
494,17,C1,child,8,say,False,False,False
495,17,C1,child,8,sir,False,False,False
496,17,C1,child,8,tea,False,False,False
497,17,D1,parent,8,person,True,True,True
498,17,D1,parent,8,scroll,False,False,False
499,17,E1,child,8,person,True,True,True
500,17,E1,child,8,sadly,False,False,False
501,17,E1,child,8,walk,False,False,False
502,17,F1,child,8,person,False,True,True
503,17,G1,parent,8,bathroom,False,False,False
504,17,G1,parent,8,person,True,True,True
505,17,H1,parent,8,people,False,False,False
506,17,H1,parent,8,person,True,True,True
507,17,H1,parent,8,stand,False,True,False
508,17,I1,parent,8,person,True,False,True
509,17,K1,child,8,person,True,True,True
510,17,K1,child,8,skip,False,False,False
511,18,A1,child,4,run,True,True,False
512,18,A1,child,4,think,False,True,False
513,18,A1,child,4,yeah,False,False,False
514,18,B1,parent,4,like,False,True,False
515,18,B1,parent,4,look,False,True,False
516,18,B1,parent,4,sad,False,True,True
517,18,B1,parent,4,slowly,False,False,False
518,18,B1,parent,4,walk,True,True,True
519,18,C1,parent,4,floor,False,False,False
520,18,C1,parent,4,kneel,False,False,False
521,18,C1,parent,4,like,False,True,False
522,18,C1,parent,4,look,False,True,False
523,18,D1,parent,4,book,False,False,False
524,18,D1,parent,4,floor,False,False,False
525,18,D1,parent,4,lay,False,True,True
526,18,D1,parent,4,like,False,True,False
527,18,D1,parent,4,look,False,True,False
528,18,D1,parent,4,read,False,False,False
529,18,E1,child,4,jump,True,True,True
530,18,E1,child,4,uh,False,False,False
531,18,E1,child,4,yeah,False,False,False
532,18,F1,child,4,air,True,False,True
533,18,F1,child,4,hold,False,False,True
534,18,F1,child,4,run,False,True,False
535,18,F1,child,4,stuff,False,False,False
536,18,F1,child,4,think,False,True,True
537,18,G1,child,4,sit,True,False,True
538,18,G1,child,4,stand,False,True,False
539,18,G1,child,4,think,False,True,False
540,18,G1,child,4,yeah,False,False,False
541,18,H1,child,4,like,True,True,True
542,18,H1,child,4,look,True,True,True
543,18,H1,child,4,stand,False,True,True
544,18,I1,parent,4,bowl,False,True,False
545,18,I1,parent,4,hold,False,True,False
546,18,I1,parent,4,like,False,True,True
547,18,I1,parent,4,look,False,True,True
548,18,K1,parent,4,counter,False,False,False
549,18,K1,parent,4,lean,False,True,False
550,18,K1,parent,4,like,True,True,True
551,18,K1,parent,4,look,False,True,True
552,20,A1,child,8,run,True,False,True
553,20,B1,child,8,sorrow,False,False,False
554,20,C1,parent,8,pose,True,True,False
555,20,C1,parent,8,umm,False,False,False
556,20,C1,parent,8,yoga,False,False,False
557,20,D1,child,8,book,True,False,False
558,20,D1,child,8,find,False,False,False
559,20,D1,child,8,look,True,True,True
560,20,D1,child,8,melt,False,True,False
561,20,D1,child,8,momma,False,False,False
562,20,D1,child,8,try,False,False,False
563,20,D1,child,8,xxx,False,False,False
564,20,E1,parent,8,gleeful,False,False,False
565,20,F1,parent,8,dance,False,True,False
566,20,G1,parent,8,pray,False,True,False
567,20,H1,child,8,preach,False,True,True
568,20,I1,parent,8,serve,False,False,False
569,20,K1,child,8,butt,False,True,False
570,21,A1,parent,8,run,True,True,False
571,21,B1,parent,8,sadly,False,False,True
572,21,B1,parent,8,slowly,False,False,False
573,21,B1,parent,8,walk,False,True,True
574,21,C1,parent,8,bent,False,False,False
575,21,C1,parent,8,ground,False,True,False
576,21,D1,child,8,run,False,False,False
577,21,E1,child,8,run,False,False,False
578,21,F1,child,8,leap,False,False,False
579,21,F1,child,8,sky,True,False,True
580,21,G1,parent,8,like,False,False,False
581,21,G1,parent,8,look,False,False,False
582,21,G1,parent,8,sit,True,True,True
583,21,H1,child,8,bend,False,False,False
584,21,H1,child,8,um,True,False,False
585,21,I1,child,8,tray,True,False,True
586,21,K1,parent,8,ahead,False,False,False
587,21,K1,parent,8,dog,False,False,False
588,21,K1,parent,8,like,False,True,False
589,21,K1,parent,8,look,False,True,False
590,23,A1,parent,8,kinda,False,False,False
591,23,A1,parent,8,skip,False,True,True
592,23,B1,child,8,sad,True,True,True
593,23,B1,child,8,walk,True,True,False
594,23,C1,parent,8,bow,True,True,True
595,23,D1,parent,8,lay,False,True,True
596,23,E1,child,8,air,False,True,False
597,23,E1,child,8,jump,True,True,True
598,23,F1,parent,8,crazy,False,True,True
599,23,F1,parent,8,pose,False,False,False
600,23,G1,parent,8,sit,True,True,False
601,23,H1,child,8,bowl,False,True,True
602,23,I1,child,8,bowl,True,True,True
603,23,K1,child,8,bow,False,False,False
604,25,A1,child,4,diamond,False,False,False
605,25,A1,child,4,head,False,False,False
606,25,A1,child,4,triangle,False,True,True
607,25,B1,parent,4,bit,False,True,False
608,25,B1,parent,4,face,False,False,False
609,25,B1,parent,4,foot,False,False,True
610,25,B1,parent,4,ground,False,False,False
611,25,B1,parent,4,head,True,True,True
612,25,B1,parent,4,like,True,True,False
613,25,B1,parent,4,little,False,True,False
614,25,B1,parent,4,look,True,True,False
615,25,B1,parent,4,person,False,True,False
616,25,B1,parent,4,sad,False,True,False
617,25,B1,parent,4,triangle,False,False,True
618,25,B1,parent,4,walk,True,True,True
619,25,C1,parent,4,kneel,False,True,False
620,25,C1,parent,4,like,True,True,True
621,25,C1,parent,4,look,True,True,False
622,25,C1,parent,4,pray,False,True,False
623,25,C1,parent,4,yyy,False,True,False
624,25,D1,child,4,book,True,True,True
625,25,D1,child,4,person,False,False,False
626,25,D1,child,4,read,True,True,True
627,25,D1,child,4,tummy,False,False,True
628,25,E1,parent,4,angel,False,True,False
629,25,E1,parent,4,arm,False,True,True
630,25,E1,parent,4,joy,False,True,False
631,25,E1,parent,4,joyful,False,False,False
632,25,E1,parent,4,jump,False,True,False
633,25,E1,parent,4,kind,False,False,False
634,25,E1,parent,4,kinda,True,False,False
635,25,E1,parent,4,like,True,True,True
636,25,E1,parent,4,look,True,True,True
637,25,E1,parent,4,person,False,False,False
638,25,E1,parent,4,wing,False,False,False
639,25,F1,child,4,arm,True,True,True
640,25,F1,child,4,like,True,True,True
641,25,F1,child,4,stick,True,False,False
642,25,F1,child,4,triangle,True,True,True
643,25,G1,parent,4,bench,False,False,False
644,25,G1,parent,4,bit,False,False,False
645,25,G1,parent,4,chair,False,True,True
646,25,G1,parent,4,face,False,True,False
647,25,G1,parent,4,head,False,False,True
648,25,G1,parent,4,know,False,True,False
649,25,G1,parent,4,like,True,True,False
650,25,G1,parent,4,little,False,False,False
651,25,G1,parent,4,look,True,True,False
652,25,G1,parent,4,sit,True,True,True
653,25,G1,parent,4,skirt,False,False,False
654,25,G1,parent,4,somebody,False,False,False
655,25,G1,parent,4,stool,False,False,False
656,25,G1,parent,4,talk,False,False,False
657,25,G1,parent,4,uh,False,False,False
658,25,G1,parent,4,wear,False,True,False
659,25,H1,parent,4,hat,False,True,True
660,25,H1,parent,4,holdin,False,False,False
661,25,H1,parent,4,like,True,True,False
662,25,H1,parent,4,look,True,True,False
663,25,H1,parent,4,person,False,True,True
664,25,H1,parent,4,upside,False,True,False
665,25,H1,parent,4,wear,False,True,False
666,25,H1,parent,4,yyy,False,False,False
667,25,I1,child,4,give,False,True,False
668,25,I1,child,4,soup,True,False,False
669,25,K1,child,4,dog,True,False,True
670,25,K1,child,4,kinda,True,False,True
671,25,K1,child,4,like,True,True,True
672,25,K1,child,4,look,True,True,True
673,25,K1,child,4,person,True,False,False
674,26,A1,child,4,foot,True,True,False
675,26,A1,child,4,hold,False,False,False
676,26,A1,child,4,uh,False,False,False
677,26,B1,child,4,head,False,False,False
678,26,B1,child,4,uh,False,True,False
679,26,B1,child,4,walk,True,True,True
680,26,C1,child,4,leap,False,False,False
681,26,D1,child,4,airplane,True,False,True
682,26,D1,child,4,drive,False,False,False
683,26,E1,parent,4,air,False,True,False
684,26,E1,parent,4,arm,False,True,False
685,26,E1,parent,4,jump,False,True,True
686,26,E1,parent,4,like,False,True,True
687,26,E1,parent,4,look,False,True,True
688,26,E1,parent,4,person,False,False,False
689,26,E1,parent,4,put,False,False,False
690,26,F1,child,4,foot,False,False,False
691,26,F1,child,4,hand,False,True,False
692,26,F1,child,4,like,True,False,True
693,26,F1,child,4,look,True,False,True
694,26,F1,child,4,put,False,True,False
695,26,G1,parent,4,block,False,True,False
696,26,G1,parent,4,box,True,False,False
697,26,G1,parent,4,like,False,True,False
698,26,G1,parent,4,look,False,True,False
699,26,G1,parent,4,person,False,True,False
700,26,G1,parent,4,sit,False,True,True
701,26,H1,parent,4,person,False,True,False
702,26,H1,parent,4,straight,False,False,False
703,26,I1,parent,4,broken,False,False,True
704,26,I1,parent,4,diamond,False,False,True
705,26,I1,parent,4,half,False,False,True
706,26,I1,parent,4,hold,True,True,True
707,26,I1,parent,4,person,False,True,False
708,26,K1,parent,4,alright,False,False,False
709,26,K1,parent,4,bend,False,True,False
710,26,K1,parent,4,know,False,False,False
711,26,K1,parent,4,like,False,True,True
712,26,K1,parent,4,look,False,True,True
713,26,K1,parent,4,okay,False,False,False
714,26,K1,parent,4,person,False,True,False
715,26,K1,parent,4,pick,False,False,False
716,26,K1,parent,4,stand,False,False,False
717,26,K1,parent,4,tail,True,False,True
718,27,A1,parent,4,run,False,True,False
719,27,B1,child,4,man,True,False,True
720,27,B1,child,4,sad,False,False,True
721,27,B1,child,4,walking,False,False,False
722,27,C1,parent,4,crawl,True,True,True
723,27,D1,child,4,man,True,True,False
724,27,D1,child,4,swimming,True,False,True
725,27,D1,child,4,um,False,False,False
726,27,E1,parent,4,phew,False,True,False
727,27,F1,child,4,phew,False,False,True
728,27,G1,child,4,lady,True,True,False
729,27,G1,child,4,sit,True,True,False
730,27,G1,child,4,um,False,False,False
731,27,H1,parent,4,king,True,True,False
732,27,H1,parent,4,man,False,True,True
733,27,H1,parent,4,serve,False,True,True
734,27,I1,child,4,man,True,True,True
735,27,I1,child,4,serve,True,False,True
736,27,K1,parent,4,man,False,True,True
737,27,K1,parent,4,serve,False,True,True
738,28,A1,parent,4,foot,True,False,True
739,28,A1,parent,4,person,False,True,False
740,28,A1,parent,4,touch,False,True,False
741,28,A1,parent,4,walk,False,False,True
742,28,B1,child,4,person,True,False,True
743,28,B1,child,4,press,True,True,False
744,28,B1,child,4,walk,True,False,True
745,28,C1,parent,4,lean,False,False,True
746,28,C1,parent,4,person,False,False,False
747,28,C1,parent,4,touch,False,False,False
748,28,D1,parent,4,lie,False,True,True
749,28,D1,parent,4,person,False,True,True
750,28,D1,parent,4,touch,False,True,False
751,28,E1,child,4,foot,True,True,False
752,28,E1,child,4,person,True,False,True
753,28,E1,child,4,press,True,True,False
754,28,E1,child,4,walk,False,False,False
755,28,F1,child,4,look,False,False,False
756,28,F1,child,4,person,True,False,True
757,28,F1,child,4,press,True,True,False
758,28,F1,child,4,walk,False,False,False
759,28,G1,parent,4,person,False,True,False
760,28,G1,parent,4,sit,False,True,False
761,28,G1,parent,4,touch,False,True,False
762,28,H1,child,4,jump,False,False,False
763,28,H1,child,4,person,True,False,True
764,28,H1,child,4,press,True,True,False
765,28,I1,parent,4,hold,False,True,False
766,28,I1,parent,4,ok,False,False,False
767,28,I1,parent,4,person,True,True,False
768,28,I1,parent,4,touch,False,False,False
769,28,I1,parent,4,triangle,False,True,False
770,28,K1,child,4,air,False,False,False
771,28,K1,child,4,foot,False,False,False
772,28,K1,child,4,ground,False,False,False
773,28,K1,child,4,lean,True,False,False
774,28,K1,child,4,press,True,True,False
775,30,A1,parent,8,cape,False,False,True
776,30,A1,parent,8,run,False,True,True
777,30,B1,parent,8,head,False,False,False
778,30,B1,parent,8,walk,True,False,True
779,30,C1,parent,8,kneel,True,True,True
780,30,D1,child,8,airplane,True,True,True
781,30,D1,child,8,cube,False,False,True
782,30,E1,child,8,joy,False,True,True
783,30,E1,child,8,jump,True,True,True
784,30,F1,child,8,like,True,True,True
785,30,G1,child,8,church,False,False,False
786,30,G1,child,8,lady,True,False,True
787,30,G1,child,8,sit,False,True,False
788,30,H1,parent,8,cap,False,True,False
789,30,H1,parent,8,gown,False,True,False
790,30,H1,parent,8,like,True,True,True
791,30,H1,parent,8,look,True,True,True
792,30,I1,child,8,bowl,False,True,False
793,30,I1,child,8,hold,False,True,True
794,30,I1,child,8,like,True,True,False
795,30,I1,child,8,um,False,False,False
796,30,I1,child,8,xxx,False,False,False
797,30,K1,parent,8,hand,False,False,True
798,30,K1,parent,8,look,True,True,False
799,30,K1,parent,8,receive,False,False,False
800,31,A1,child,6,like,True,True,True
801,31,A1,child,6,look,True,True,True
802,31,A1,child,6,run,False,True,False
803,31,B1,child,6,head,True,False,True
804,31,B1,child,6,like,True,False,False
805,31,B1,child,6,look,True,True,False
806,31,B1,child,6,say,False,False,False
807,31,B1,child,6,walk,True,True,False
808,31,C1,child,6,kick,False,False,False
809,31,C1,child,6,leg,False,True,False
810,31,C1,child,6,like,True,True,True
811,31,C1,child,6,look,True,True,True
812,31,D1,parent,6,air,False,False,False
813,31,D1,parent,6,foot,False,False,False
814,31,D1,parent,6,like,True,True,True
815,31,D1,parent,6,look,True,True,True
816,31,E1,parent,6,joy,False,False,False
817,31,E1,parent,6,jump,False,True,True
818,31,E1,parent,6,like,False,True,True
819,31,F1,parent,6,dress,False,False,False
820,31,F1,parent,6,heel,False,False,False
821,31,F1,parent,6,like,True,True,True
822,31,F1,parent,6,look,True,True,True
823,31,F1,parent,6,maybe,False,False,False
824,31,F1,parent,6,triangle,False,True,False
825,31,F1,parent,6,triangular,False,False,False
826,31,F1,parent,6,um,False,True,False
827,31,F1,parent,6,wear,False,False,False
828,31,G1,child,6,lady,False,True,True
829,31,G1,child,6,like,True,True,True
830,31,G1,child,6,look,True,True,True
831,31,G1,child,6,potty,False,False,False
832,31,H1,child,6,like,True,True,True
833,31,H1,child,6,look,True,True,True
834,31,H1,child,6,minister,False,True,False
835,31,H1,child,6,person,True,True,False
836,31,I1,parent,6,basin,False,False,False
837,31,I1,parent,6,bowl,False,False,False
838,31,I1,parent,6,butler,False,False,False
839,31,I1,parent,6,hold,False,False,False
840,31,I1,parent,6,like,True,False,True
841,31,I1,parent,6,look,True,False,True
842,31,I1,parent,6,maybe,True,True,False
843,31,K1,parent,6,hat,False,False,False
844,31,K1,parent,6,like,True,True,True
845,31,K1,parent,6,look,True,True,True
846,31,K1,parent,6,okay,False,False,True
847,31,K1,parent,6,triangular,False,False,False
848,32,A1,parent,6,choose,True,True,True
849,32,A1,parent,6,foot,True,True,False
850,32,A1,parent,6,person,False,False,False
851,32,B1,parent,6,choose,False,True,True
852,32,B1,parent,6,like,False,True,False
853,32,B1,parent,6,look,False,True,False
854,32,B1,parent,6,person,False,True,False
855,32,B1,parent,6,walk,True,True,True
856,32,C1,child,6,bend,False,True,True
857,32,C1,child,6,choose,True,True,True
858,32,C1,child,6,man,False,True,True
859,32,D1,parent,6,choose,True,True,True
860,32,D1,parent,6,flat,False,True,True
861,32,D1,parent,6,ground,False,False,False
862,32,D1,parent,6,jump,False,False,False
863,32,D1,parent,6,lay,False,True,False
864,32,D1,parent,6,like,False,True,False
865,32,D1,parent,6,look,False,True,False
866,32,D1,parent,6,person,False,True,False
867,32,E1,child,6,boy,False,False,False
868,32,E1,child,6,choose,True,True,True
869,32,E1,child,6,fly,False,False,False
870,32,E1,child,6,like,True,False,True
871,32,F1,parent,6,bend,False,False,False
872,32,F1,parent,6,choose,True,True,True
873,32,F1,parent,6,lay,False,False,False
874,32,F1,parent,6,opposite,False,False,False
875,32,F1,parent,6,person,False,False,False
876,32,G1,child,6,big,False,False,False
877,32,G1,child,6,choose,True,True,True
878,32,G1,child,6,girl,False,True,False
879,32,G1,child,6,leggo,False,False,False
880,32,G1,child,6,like,True,False,True
881,32,G1,child,6,man,True,True,False
882,32,G1,child,6,mhm,False,False,False
883,32,G1,child,6,poor,False,False,False
884,32,G1,child,6,square,False,False,False
885,32,G1,child,6,xxx,False,False,False
886,32,H1,child,6,boy,False,False,False
887,32,H1,child,6,choose,True,True,True
888,32,H1,child,6,cup,False,True,False
889,32,H1,child,6,hand,False,True,True
890,32,I1,child,6,boy,False,False,False
891,32,I1,child,6,choose,True,False,True
892,32,I1,child,6,cup,False,True,False
893,32,I1,child,6,hand,True,True,True
894,32,K1,parent,6,choose,True,True,True
895,32,K1,parent,6,foot,True,False,False
896,32,K1,parent,6,opposite,False,False,False
897,32,K1,parent,6,person,False,True,False
898,33,A1,child,8,leg,False,False,False
899,33,A1,child,8,person,True,False,True
900,33,B1,parent,8,like,False,False,True
901,33,B1,parent,8,man,False,False,True
902,33,B1,parent,8,old,False,False,True
903,33,B1,parent,8,person,False,True,True
904,33,B1,parent,8,um,False,False,False
905,33,B1,parent,8,walk,True,True,True
906,33,C1,parent,8,crawl,True,True,False
907,33,C1,parent,8,person,True,True,False
908,33,C1,parent,8,think,False,False,False
909,33,D1,child,8,lie,True,True,True
910,33,D1,child,8,person,True,True,True
911,33,D1,child,8,right,False,False,False
912,33,D1,child,8,yeah,False,False,False
913,33,D1,child,8,zzz,False,False,False
914,33,E1,child,8,jump,True,True,True
915,33,E1,child,8,person,True,True,False
916,33,F1,child,8,like,True,True,True
917,33,F1,child,8,person,False,True,True
918,33,F1,child,8,run,False,True,False
919,33,G1,parent,8,like,False,True,False
920,33,G1,parent,8,tower,True,True,True
921,33,H1,child,8,bowl,False,False,True
922,33,H1,child,8,give,False,True,False
923,33,H1,child,8,person,False,True,True
924,33,I1,parent,8,bowl,False,True,True
925,33,I1,parent,8,give,True,True,False
926,33,I1,parent,8,nope,False,False,False
927,33,I1,parent,8,person,False,True,True
928,33,I1,parent,8,think,False,False,False
929,33,K1,parent,8,bend,False,False,False
930,33,K1,parent,8,like,False,True,False
931,33,K1,parent,8,person,True,True,True
932,33,K1,parent,8,uh,False,True,False
933,34,A1,child,8,left,True,True,True
934,34,A1,child,8,like,True,True,True
935,34,A1,child,8,look,True,True,True
936,34,A1,child,8,run,True,False,True
937,34,B1,child,8,left,True,True,True
938,34,B1,child,8,person,False,True,True
939,34,B1,child,8,sad,False,False,True
940,34,B1,child,8,walk,True,True,True
941,34,C1,child,8,kneel,False,True,True
942,34,C1,child,8,like,True,True,True
943,34,C1,child,8,look,True,True,True
944,34,C1,child,8,somebody,False,False,False
945,34,D1,parent,8,boat,False,True,False
946,34,D1,parent,8,mountain,False,True,False
947,34,D1,parent,8,ocean,False,False,False
948,34,E1,parent,8,away,False,False,False
949,34,E1,parent,8,bird,False,True,True
950,34,E1,parent,8,fly,False,False,False
951,34,E1,parent,8,like,True,True,True
952,34,E1,parent,8,look,True,True,True
953,34,F1,child,8,foot,False,False,False
954,34,F1,child,8,head,False,False,False
955,34,F1,child,8,like,False,True,True
956,34,F1,child,8,look,False,True,True
957,34,F1,child,8,square,False,False,False
958,34,F1,child,8,triangle,False,True,True
959,34,G1,child,8,like,False,True,True
960,34,G1,child,8,look,False,True,True
961,34,G1,child,8,sit,False,False,True
962,34,H1,parent,8,box,False,False,False
963,34,H1,parent,8,hold,False,True,False
964,34,H1,parent,8,like,False,True,True
965,34,H1,parent,8,look,False,True,True
966,34,H1,parent,8,somebody,False,False,False
967,34,I1,parent,8,bowl,False,True,True
968,34,I1,parent,8,hold,True,True,True
969,34,I1,parent,8,like,True,True,True
970,34,I1,parent,8,look,True,True,True
971,34,K1,parent,8,arrow,True,False,True
972,34,K1,parent,8,dog,False,True,True
973,34,K1,parent,8,head,False,False,True
974,35,A1,child,4,person,False,True,True
975,35,A1,child,4,run,False,False,True
976,35,B1,parent,4,blue,False,False,False
977,35,B1,parent,4,box,False,False,False
978,35,B1,parent,4,person,True,True,True
979,35,B1,parent,4,tired,True,False,True
980,35,B1,parent,4,walk,False,True,False
981,35,C1,child,4,crawl,False,True,False
982,35,C1,child,4,person,True,True,True
983,35,D1,parent,4,airplane,True,True,False
984,35,D1,parent,4,blue,False,True,False
985,35,D1,parent,4,box,False,True,False
986,35,E1,child,4,jump,True,False,True
987,35,E1,child,4,person,True,True,True
988,35,F1,parent,4,bird,True,True,True
989,35,F1,parent,4,blue,False,True,False
990,35,F1,parent,4,box,False,True,False
991,35,F1,parent,4,fly,False,False,False
992,35,G1,parent,4,pigeon,True,True,True
993,35,H1,child,4,book,False,False,False
994,35,H1,child,4,person,False,True,True
995,35,H1,child,4,read,False,False,False
996,35,I1,child,4,bowl,True,True,True
997,35,I1,child,4,hold,True,True,True
998,35,I1,child,4,person,False,True,True
999,35,K1,parent,4,blue,True,True,False
1000,35,K1,parent,4,box,True,True,False
1001,35,K1,parent,4,puppy,True,True,True
1002,36,A1,parent,6,like,True,True,True
1003,36,A1,parent,6,look,True,True,True
1004,36,A1,parent,6,lou,False,False,False
1005,36,A1,parent,6,skip,False,False,False
1006,36,C1,parent,6,oh,False,False,False
1007,36,D1,child,6,ah,True,False,True
1008,36,D1,child,6,sleepy,True,False,True
1009,36,E1,child,6,ball,False,True,False
1010,36,E1,child,6,catch,False,True,False
1011,36,E1,child,6,go,False,False,False
1012,36,E1,child,6,hooray,False,False,True
1013,36,E1,child,6,to,False,False,False
1014,36,F1,child,6,ball,False,True,True
1015,36,F1,child,6,catch,True,True,False
1016,36,F1,child,6,go,False,False,False
1017,36,F1,child,6,hooray,False,False,False
1018,36,F1,child,6,to,False,False,False
1019,36,F1,child,6,yay,False,False,False
1020,36,G1,child,6,go,False,False,False
1021,36,G1,child,6,oh,True,False,False
1022,36,G1,child,6,pray,True,False,False
1023,36,G1,child,6,to,False,False,False
1024,36,H1,child,6,excuse,False,False,False
1025,36,I1,parent,6,excuse,False,False,False
1026,36,I1,parent,6,sir,False,False,False
1027,36,K1,parent,6,blue,False,False,False
1028,36,K1,parent,6,get,False,False,False
1029,37,A1,parent,8,oh,False,False,False
1030,37,A1,parent,8,walk,False,True,False
1031,37,B1,parent,8,head,False,True,True
1032,37,B1,parent,8,walk,True,True,True
1033,37,C1,parent,8,diving,False,True,False
1034,37,D1,child,8,airplane,True,False,True
1035,37,E1,child,8,jump,True,True,True
1036,37,F1,parent,8,dab,False,False,False
1037,37,F1,parent,8,purse,False,False,True
1038,37,F1,parent,8,run,False,False,True
1039,37,F1,parent,8,woman,True,False,True
1040,37,G1,child,8,jeeves,False,True,False
1041,37,G1,child,8,seal,False,False,True
1042,37,G1,child,8,uhh,False,False,False
1043,37,H1,child,8,singe,True,True,True
1044,37,I1,child,8,jeeves,True,True,True
1045,37,K1,parent,8,jeeves,True,True,True
1046,38,A1,child,4,big,False,False,False
1047,38,B1,child,4,square,False,False,True
1048,38,B1,child,4,stand,False,False,False
1049,38,B1,child,4,um,False,False,False
1050,38,C1,parent,4,small,True,True,False
1051,38,C1,parent,4,stand,False,False,False
1052,38,D1,child,4,big,False,False,False
1053,38,E1,parent,4,big,False,False,False
1054,38,E1,parent,4,diamond,False,False,True
1055,38,E1,parent,4,okay,False,True,False
1056,38,E1,parent,4,real,False,False,False
1057,38,F1,parent,4,half,False,True,False
1058,38,F1,parent,4,okay,False,True,False
1059,38,F1,parent,4,square,False,True,False
1060,38,F1,parent,4,triangle,False,True,False
1061,38,H1,child,4,lay,False,False,False
1062,38,I1,parent,4,big,False,True,False
1063,38,I1,parent,4,diamond,False,False,False
1064,38,I1,parent,4,half,False,False,False
1065,38,I1,parent,4,hand,False,False,False
1066,38,I1,parent,4,head,False,False,False
1067,38,I1,parent,4,like,False,False,False
1068,38,I1,parent,4,look,False,False,False
1069,38,I1,parent,4,okay,False,True,False
1070,38,I1,parent,4,stand,False,False,False
1071,38,I1,parent,4,triangle,False,False,False
1072,38,K1,parent,4,arrow,False,True,True
1073,38,K1,parent,4,big,False,True,False
1074,38,K1,parent,4,okay,False,False,False
1075,38,K1,parent,4,tail,False,True,False
1076,39,A1,parent,6,leg,True,True,False
1077,39,A1,parent,6,like,True,True,True
1078,39,A1,parent,6,look,True,True,True
1079,39,A1,parent,6,person,True,False,False
1080,39,A1,parent,6,run,False,True,False
1081,39,B1,child,6,head,True,True,True
1082,39,B1,child,6,walk,True,True,True
1083,39,C1,parent,6,crouch,True,True,True
1084,39,C1,parent,6,like,True,True,True
1085,39,C1,parent,6,look,True,True,True
1086,39,C1,parent,6,person,True,False,False
1087,39,D1,child,6,like,True,False,True
1088,39,D1,child,6,look,True,False,True
1089,39,D1,child,6,person,True,False,False
1090,39,D1,child,6,read,False,False,False
1091,39,E1,child,6,jump,True,True,True
1092,39,E1,child,6,like,True,True,True
1093,39,E1,child,6,look,True,True,True
1094,39,E1,child,6,person,False,True,False
1095,39,F1,child,6,like,False,True,True
1096,39,F1,child,6,look,False,True,True
1097,39,F1,child,6,person,False,True,False
1098,39,F1,child,6,split,False,True,True
1099,39,G1,parent,6,like,False,False,True
1100,39,G1,parent,6,look,False,False,True
1101,39,G1,parent,6,person,False,False,False
1102,39,G1,parent,6,sit,True,False,True
1103,39,H1,parent,6,like,True,True,True
1104,39,H1,parent,6,look,True,True,True
1105,39,H1,parent,6,priest,False,False,True
1106,39,I1,parent,6,bend,False,True,True
1107,39,I1,parent,6,bowl,False,True,False
1108,39,I1,parent,6,hold,False,True,False
1109,39,I1,parent,6,like,True,True,True
1110,39,I1,parent,6,look,True,True,True
1111,39,I1,parent,6,person,False,False,False
1112,39,K1,child,6,bend,True,False,True
1113,39,K1,child,6,like,True,False,True
1114,39,K1,child,6,look,True,False,True
1115,39,K1,child,6,person,False,False,False
1116,40,A1,parent,8,runner,False,False,True
1117,40,B1,child,8,walker,False,False,False
1118,40,C1,parent,8,dog,True,False,True
1119,40,C1,parent,8,downward,True,False,True
1120,40,D1,child,8,reader,False,False,False
1121,40,E1,parent,8,jumper,False,False,True
1122,40,F1,parent,8,jumper,False,False,True
1123,40,G1,parent,8,alright,False,False,False
1124,40,G1,parent,8,sitter,False,False,True
1125,40,H1,child,8,like,False,True,False
1126,40,H1,child,8,marriage,False,False,False
1127,40,H1,child,8,read,False,False,False
1128,40,H1,child,8,reader,False,False,False
1129,40,H1,child,8,stand,True,True,False
1130,40,I1,child,8,waiter,True,False,True
1131,40,K1,child,8,hat,False,True,True
1132,40,K1,child,8,triangle,False,True,True
1133,42,A1,child,4,blue,False,False,False
1134,42,A1,child,4,box,False,False,False
1135,42,A1,child,4,leg,True,True,True
1136,42,A1,child,4,run,False,False,False
1137,42,A1,child,4,zzz,False,False,False
1138,42,B1,child,4,cream,False,False,False
1139,42,B1,child,4,head,False,True,True
1140,42,B1,child,4,ice,False,False,False
1141,42,B1,child,4,walk,True,True,True
1142,42,C1,child,4,blue,False,False,False
1143,42,C1,child,4,box,False,False,False
1144,42,C1,child,4,connect,True,False,True
1145,42,C1,child,4,lay,False,True,True
1146,42,D1,parent,4,foot,False,True,False
1147,42,D1,parent,4,lay,False,True,False
1148,42,D1,parent,4,person,False,True,False
1149,42,D1,parent,4,triangle,False,False,False
1150,42,E1,parent,4,cream,False,False,False
1151,42,E1,parent,4,ice,False,False,False
1152,42,E1,parent,4,jump,False,True,True
1153,42,E1,parent,4,person,False,True,False
1154,42,F1,parent,4,foot,True,False,False
1155,42,F1,parent,4,person,False,True,False
1156,42,F1,parent,4,stand,True,True,False
1157,42,F1,parent,4,triangle,True,True,False
1158,42,G1,child,4,sit,False,True,True
1159,42,G1,child,4,woman,False,False,True
1160,42,H1,child,4,blue,False,False,False
1161,42,H1,child,4,box,False,False,False
1162,42,H1,child,4,fat,False,False,True
1163,42,H1,child,4,like,False,False,False
1164,42,H1,child,4,read,False,True,True
1165,42,H1,child,4,reading,False,False,False
1166,42,H1,child,4,woman,False,False,False
1167,42,I1,parent,4,blue,False,False,True
1168,42,I1,parent,4,box,False,False,True
1169,42,I1,parent,4,cone,True,True,True
1170,42,I1,parent,4,cream,True,True,True
1171,42,I1,parent,4,ice,True,True,True
1172,43,A1,child,8,play,False,False,False
1173,43,A1,child,8,run,False,False,False
1174,43,B1,parent,8,walk,True,True,True
1175,43,C1,child,8,leapfrog,True,False,True
1176,43,D1,child,8,swimming,False,False,True
1177,43,E1,parent,8,arm,False,False,False
1178,43,E1,parent,8,jump,True,True,True
1179,43,F1,child,8,apart,False,False,True
1180,43,F1,child,8,far,False,False,True
1181,43,F1,child,8,leg,True,False,True
1182,43,F1,child,8,um,False,False,False
1183,43,G1,parent,8,kneel,False,True,False
1184,43,G1,parent,8,leapfrog,False,False,False
1185,43,H1,child,8,arm,False,True,False
1186,43,H1,child,8,yeah,False,False,False
1187,43,I1,parent,8,bowl,False,False,False
1188,43,K1,parent,8,stand,False,False,False
1189,43,K1,parent,8,tail,False,True,True
1190,44,A1,child,4,person,True,True,True
1191,44,A1,child,4,run,True,False,True
1192,44,B1,parent,4,lonely,True,False,True
1193,44,B1,parent,4,look,False,False,False
1194,44,B1,parent,4,person,False,False,True
1195,44,B1,parent,4,sad,False,False,True
1196,44,C1,child,4,crouch,True,True,True
1197,44,C1,child,4,ok,True,False,False
1198,44,C1,child,4,person,True,True,False
1199,44,C1,child,4,zzz,False,False,False
1200,44,D1,child,4,lie,False,True,True
1201,44,D1,child,4,person,False,True,True
1202,44,E1,parent,4,air,False,True,False
1203,44,E1,parent,4,jump,False,True,True
1204,44,E1,parent,4,person,False,True,True
1205,44,F1,child,4,open,False,True,True
1206,44,F1,child,4,person,True,False,True
1207,44,F1,child,4,walk,False,False,False
1208,44,F1,child,4,wide,True,True,True
1209,44,G1,parent,4,person,False,True,True
1210,44,G1,parent,4,sit,True,True,True
1211,44,H1,parent,4,hand,False,True,True
1212,44,H1,parent,4,person,True,True,True
1213,44,H1,parent,4,tray,False,True,True
1214,44,I1,parent,4,hand,False,True,True
1215,44,I1,parent,4,person,False,False,True
1216,44,I1,parent,4,triangle,False,True,True
1217,44,K1,child,4,person,False,True,True
1218,44,K1,child,4,um,False,False,False
1219,44,K1,child,4,zzz,False,False,False
1220,46,A1,parent,4,air,False,True,False
1221,46,A1,parent,4,blue,False,False,False
1222,46,A1,parent,4,box,False,False,False
1223,46,A1,parent,4,dance,False,False,False
1224,46,A1,parent,4,leg,False,True,False
1225,46,A1,parent,4,like,False,True,False
1226,46,A1,parent,4,look,False,True,False
1227,46,A1,parent,4,lot,False,False,False
1228,46,A1,parent,4,mean,False,False,False
1229,46,A1,parent,4,person,True,True,False
1230,46,A1,parent,4,square,False,False,False
1231,46,A1,parent,4,triangle,False,False,False
1232,46,B1,parent,4,blue,False,True,False
1233,46,B1,parent,4,box,True,True,False
1234,46,B1,parent,4,foot,False,False,False
1235,46,B1,parent,4,head,False,True,False
1236,46,B1,parent,4,inside,False,True,False
1237,46,B1,parent,4,like,False,True,False
1238,46,B1,parent,4,look,False,True,False
1239,46,B1,parent,4,person,False,True,False
1240,46,B1,parent,4,square,False,True,False
1241,46,B1,parent,4,triangle,False,False,False
1242,46,C1,parent,4,blue,False,True,False
1243,46,C1,parent,4,box,False,True,True
1244,46,C1,parent,4,go,False,False,False
1245,46,C1,parent,4,inside,False,True,False
1246,46,C1,parent,4,ok,False,False,False
1247,46,C1,parent,4,space,False,False,False
1248,46,C1,parent,4,square,False,False,False
1249,46,D1,child,4,boy,False,False,False
1250,46,D1,child,4,lay,True,True,False
1251,46,D1,child,4,screen,False,False,False
1252,46,D1,child,4,triangle,False,False,True
1253,46,E1,parent,4,bird,False,True,True
1254,46,E1,parent,4,blue,False,True,False
1255,46,E1,parent,4,box,False,True,False
1256,46,E1,parent,4,fly,True,True,True
1257,46,E1,parent,4,inside,False,True,False
1258,46,E1,parent,4,like,False,True,False
1259,46,E1,parent,4,look,False,True,False
1260,46,F1,child,4,blue,True,False,False
1261,46,F1,child,4,box,True,False,True
1262,46,F1,child,4,huh,False,True,False
1263,46,F1,child,4,kid,False,False,False
1264,46,F1,child,4,mommy,False,False,False
1265,46,F1,child,4,run,False,False,False
1266,46,F1,child,4,uh,False,True,False
1267,46,G1,parent,4,blue,False,True,False
1268,46,G1,parent,4,box,False,True,False
1269,46,G1,parent,4,inside,False,True,False
1270,46,G1,parent,4,lady,False,False,False
1271,46,G1,parent,4,like,False,True,False
1272,46,G1,parent,4,look,False,True,False
1273,46,G1,parent,4,mommy,False,False,False
1274,46,G1,parent,4,ontop,False,True,False
1275,46,G1,parent,4,sit,True,True,False
1276,46,G1,parent,4,square,True,False,False
1277,46,G1,parent,4,triangle,False,False,False
1278,46,H1,child,4,blue,True,False,True
1279,46,H1,child,4,box,True,False,True
1280,46,H1,child,4,food,False,True,True
1281,46,H1,child,4,give,False,False,False
1282,46,H1,child,4,man,False,False,False
1283,46,H1,child,4,mhm,False,False,False
1284,46,I1,child,4,box,True,False,False
1285,46,I1,child,4,food,True,True,False
1286,46,I1,child,4,give,False,False,False
1287,46,I1,child,4,man,False,False,False
1288,46,I1,child,4,mhm,False,True,False
1289,46,K1,child,4,box,True,True,True
1290,46,K1,child,4,doggy,False,False,False
1291,47,A1,child,8,arm,False,False,False
1292,47,A1,child,8,choose,False,True,True
1293,47,A1,child,8,kind,False,True,False
1294,47,A1,child,8,like,True,True,True
1295,47,A1,child,8,look,True,False,True
1296,47,A1,child,8,stand,True,False,False
1297,47,A1,child,8,straight,False,False,False
1298,47,A1,child,8,want,True,True,True
1299,47,B1,parent,8,away,False,False,True
1300,47,B1,parent,8,choose,False,False,True
1301,47,B1,parent,8,like,True,True,True
1302,47,B1,parent,8,look,True,True,False
1303,47,B1,parent,8,sad,False,False,False
1304,47,B1,parent,8,walk,True,True,True
1305,47,B1,parent,8,want,True,True,True
1306,47,C1,parent,8,choose,False,True,True
1307,47,C1,parent,8,pray,True,True,True
1308,47,D1,child,8,choose,False,True,True
1309,47,D1,child,8,dog,False,False,False
1310,47,D1,child,8,fun,False,False,False
1311,47,D1,child,8,have,False,False,False
1312,47,D1,child,8,like,True,True,True
1313,47,D1,child,8,look,True,False,True
1314,47,D1,child,8,um,False,False,False
1315,47,D1,child,8,want,True,True,True
1316,47,E1,child,8,choose,True,False,False
1317,47,E1,child,8,look,False,True,False
1318,47,E1,child,8,sad,False,False,False
1319,47,E1,child,8,want,True,True,True
1320,47,F1,parent,8,choose,False,True,True
1321,47,F1,parent,8,like,True,True,False
1322,47,F1,parent,8,look,True,True,False
1323,47,F1,parent,8,pray,False,False,False
1324,47,F1,parent,8,run,True,True,False
1325,47,F1,parent,8,want,True,True,True
1326,47,G1,child,8,choose,True,False,False
1327,47,G1,child,8,dog,False,False,False
1328,47,G1,child,8,like,True,True,True
1329,47,G1,child,8,look,True,True,True
1330,47,G1,child,8,opposite,False,False,False
1331,47,G1,child,8,want,True,True,True
1332,47,H1,child,8,choose,False,False,True
1333,47,H1,child,8,like,True,True,True
1334,47,H1,child,8,look,True,True,True
1335,47,H1,child,8,pastor,False,True,False
1336,47,H1,child,8,preaching,False,False,False
1337,47,H1,child,8,want,True,True,True
1338,47,I1,parent,8,choose,False,True,True
1339,47,I1,parent,8,hold,True,True,True
1340,47,I1,parent,8,triangle,True,True,False
1341,47,I1,parent,8,want,True,True,True
1342,47,K1,parent,8,choose,False,True,True
1343,47,K1,parent,8,doggie,False,True,False
1344,47,K1,parent,8,ok,False,False,False
1345,47,K1,parent,8,tail,True,False,False
1346,47,K1,parent,8,want,True,True,True
1347,48,A1,parent,4,person,False,True,True
1348,48,A1,parent,4,run,False,True,True
1349,48,B1,parent,4,person,True,True,True
1350,48,B1,parent,4,walk,False,True,True
1351,48,C1,child,4,lay,False,True,False
1352,48,C1,child,4,person,True,True,True
1353,48,D1,child,4,lay,True,True,False
1354,48,D1,child,4,person,True,True,True
1355,48,E1,parent,4,dance,False,True,True
1356,48,E1,parent,4,like,False,True,True
1357,48,E1,parent,4,look,False,True,True
1358,48,E1,parent,4,person,True,True,True
1359,48,F1,child,4,duckie,False,False,False
1360,48,F1,child,4,person,False,True,True
1361,48,G1,parent,4,person,False,True,True
1362,48,G1,parent,4,sit,False,True,False
1363,48,H1,child,4,give,False,False,True
1364,48,H1,child,4,person,True,False,True
1365,48,I1,parent,4,hold,True,True,False
1366,48,I1,parent,4,person,False,True,True
1367,48,I1,parent,4,triangle,True,True,True
1368,48,K1,child,4,give,False,True,True
1369,48,K1,child,4,person,True,False,True
1370,49,A1,parent,8,runner,False,False,False
1371,49,A1,parent,8,um,False,False,False
1372,49,B1,child,8,look,True,True,False
1373,49,B1,child,8,sad,True,True,True
1374,49,B1,child,8,yeah,False,False,False
1375,49,C1,child,8,fall,False,True,False
1376,49,C1,child,8,like,True,True,False
1377,49,C1,child,8,look,True,True,False
1378,49,D1,child,8,fall,True,True,True
1379,49,D1,child,8,guy,False,True,False
1380,49,D1,child,8,like,True,True,False
1381,49,D1,child,8,look,True,True,False
1382,49,E1,child,8,animal,False,False,False
1383,49,E1,child,8,party,False,False,False
1384,49,F1,parent,8,celebration,False,False,False
1385,49,F1,parent,8,uh,False,False,False
1386,49,G1,parent,8,church,False,False,True
1387,49,G1,parent,8,kneel,True,True,False
1388,49,G1,parent,8,sit,False,False,False
1389,49,H1,child,8,book,True,True,True
1390,49,H1,child,8,guy,False,False,False
1391,49,H1,child,8,hold,True,True,False
1392,49,H1,child,8,like,True,True,True
1393,49,H1,child,8,look,True,False,True
1394,49,I1,parent,8,drinking,True,False,False
1395,49,I1,parent,8,fountain,True,True,True
1396,49,K1,parent,8,dog,True,True,True
1397,50,A1,parent,6,leave,False,False,False
1398,50,A1,parent,6,person,True,True,True
1399,50,A1,parent,6,walk,False,True,False
1400,50,B1,parent,6,left,False,False,False
1401,50,B1,parent,6,walk,True,True,True
1402,50,C1,parent,6,crawl,True,True,False
1403,50,C1,parent,6,person,True,False,False
1404,50,D1,parent,6,belly,True,True,True
1405,50,D1,parent,6,lie,False,False,True
1406,50,E1,child,6,jump,True,True,True
1407,50,F1,child,6,air,False,True,False
1408,50,F1,child,6,hand,False,True,False
1409,50,F1,child,6,person,True,True,True
1410,50,G1,parent,6,person,True,True,True
1411,50,G1,parent,6,sit,False,True,True
1412,50,H1,child,6,person,True,True,True
1413,50,H1,child,6,stand,True,True,True
1414,50,I1,child,6,hold,True,True,True
1415,50,I1,child,6,person,True,True,True
1416,50,I1,child,6,tray,True,False,False
1417,50,K1,child,6,bend,False,False,False
1418,50,K1,child,6,person,False,False,True
1419,51,A1,parent,4,skip,False,False,True
1420,51,A1,parent,4,walk,True,False,False
1421,51,B1,child,4,walk,False,True,True
1422,51,C1,parent,4,connect,False,False,False
1423,51,C1,parent,4,kneel,False,False,False
1424,51,C1,parent,4,somebody,False,False,False
1425,51,C1,parent,4,square,False,True,False
1426,51,D1,child,4,lie,False,False,False
1427,51,D1,child,4,tablet,False,True,True
1428,51,E1,child,4,joy,True,True,True
1429,51,E1,child,4,jump,True,True,True
1430,51,F1,parent,4,split,True,False,True
1431,51,G1,parent,4,joy,False,False,False
1432,51,G1,parent,4,jump,False,False,False
1433,51,H1,child,4,hold,False,False,False
1434,51,H1,child,4,plate,False,False,False
1435,51,H1,child,4,restaurant,False,False,False
1436,51,H1,child,4,soup,False,False,False
1437,51,I1,parent,4,walk,False,False,False
1438,51,K1,child,4,food,False,False,False
1439,51,K1,child,4,give,False,False,False
1440,51,K1,child,4,restaurant,False,False,False
1441,52,A1,parent,6,foot,True,False,True
1442,52,A1,parent,6,head,False,False,False
1443,52,A1,parent,6,spread,False,True,False
1444,52,A1,parent,6,square,False,False,False
1445,52,B1,child,6,walk,False,True,False
1446,52,C1,parent,6,like,False,True,False
1447,52,C1,parent,6,look,False,True,False
1448,52,C1,parent,6,somersault,False,True,False
1449,52,D1,child,6,airplane,True,False,False
1450,52,D1,child,6,lay,False,True,True
1451,52,D1,child,6,like,True,False,False
1452,52,E1,child,6,jump,False,False,True
1453,52,E1,child,6,leg,True,False,True
1454,52,F1,child,6,jump,False,False,False
1455,52,F1,child,6,leg,False,False,False
1456,52,F1,child,6,like,True,True,True
1457,52,G1,parent,6,chair,False,True,True
1458,52,G1,parent,6,sit,False,True,False
1459,52,H1,parent,6,food,False,True,True
1460,52,H1,parent,6,serve,False,True,True
1461,52,I1,child,6,food,True,True,True
1462,52,I1,child,6,serve,True,True,True
1463,52,K1,parent,6,food,False,True,False
1464,52,K1,parent,6,serve,False,True,False
1465,53,A1,parent,4,air,False,True,False
1466,53,A1,parent,4,foot,False,True,False
1467,53,A1,parent,4,walk,False,True,False
1468,53,B1,parent,4,head,True,True,True
1469,53,B1,parent,4,walk,True,True,True
1470,53,C1,child,4,somebody,False,True,False
1471,53,C1,child,4,somersault,True,True,True
1472,53,D1,child,4,air,False,True,True
1473,53,D1,child,4,foot,False,True,True
1474,53,D1,child,4,lay,True,True,True
1475,53,D1,child,4,somebody,False,True,False
1476,53,E1,child,4,air,True,True,True
1477,53,E1,child,4,hooray,False,False,False
1478,53,E1,child,4,jump,True,True,True
1479,53,E1,child,4,say,False,False,False
1480,53,E1,child,4,somebody,False,False,False
1481,53,F1,parent,4,air,False,True,True
1482,53,F1,parent,4,hand,False,True,True
1483,53,F1,parent,4,like,False,True,False
1484,53,F1,parent,4,look,False,True,False
1485,53,F1,parent,4,walk,False,True,False
1486,53,G1,parent,4,like,True,True,False
1487,53,G1,parent,4,look,True,True,False
1488,53,G1,parent,4,sit,True,True,True
1489,53,H1,child,4,arm,False,False,False
1490,53,H1,child,4,put,False,False,False
1491,53,H1,child,4,somebody,False,True,False
1492,53,H1,child,4,uh,False,False,False
1493,53,H1,child,4,yup,False,False,False
1494,53,I1,child,4,hold,True,False,True
1495,53,I1,child,4,somebody,False,True,False
1496,53,I1,child,4,tray,True,False,True
1497,53,K1,parent,4,bend,False,True,False
1498,53,K1,parent,4,bit,False,False,False
1499,53,K1,parent,4,hold,False,True,False
1500,53,K1,parent,4,like,False,True,False
1501,53,K1,parent,4,little,False,False,False
1502,53,K1,parent,4,look,False,True,False
1503,53,K1,parent,4,person,False,False,False
1504,53,K1,parent,4,tray,False,False,False
1505,54,A1,parent,4,run,True,True,True
1506,54,B1,parent,4,ok,False,True,False
1507,54,B1,parent,4,pick,True,True,False
1508,54,B1,parent,4,walk,True,True,True
1509,54,C1,child,4,kneel,True,False,True
1510,54,D1,parent,4,fall,True,True,True
1511,54,D1,parent,4,head,True,True,False
1512,54,D1,parent,4,lose,False,True,False
1513,54,D1,parent,4,person,True,False,True
1514,54,D1,parent,4,pick,False,True,False
1515,54,E1,parent,4,jump,False,True,False
1516,54,E1,parent,4,ok,False,False,False
1517,54,F1,child,4,run,True,True,True
1518,54,G1,child,4,box,True,False,True
1519,54,G1,child,4,fall,False,True,True
1520,54,G1,child,4,person,False,True,False
1521,54,G1,child,4,sit,True,False,True
1522,54,G1,child,4,yeah,True,True,False
1523,54,H1,child,4,foot,False,True,True
1524,54,H1,child,4,person,True,False,False
1525,54,I1,child,4,hold,True,False,True
1526,54,I1,child,4,triangle,True,False,True
1527,54,K1,parent,4,pick,False,True,False
1528,54,K1,parent,4,point,False,True,True
1529,56,A1,child,4,blue,False,False,True
1530,56,A1,child,4,people,False,True,False
1531,56,A1,child,4,run,True,False,True
1532,56,A1,child,4,square,False,False,True
1533,56,B1,parent,4,blue,False,False,True
1534,56,B1,parent,4,like,False,False,False
1535,56,B1,parent,4,look,False,False,False
1536,56,B1,parent,4,person,True,True,False
1537,56,B1,parent,4,press,False,False,False
1538,56,B1,parent,4,square,False,False,True
1539,56,B1,parent,4,walk,True,True,True
1540,56,C1,parent,4,bed,False,False,False
1541,56,C1,parent,4,blue,False,False,False
1542,56,C1,parent,4,lay,False,False,False
1543,56,C1,parent,4,person,False,True,False
1544,56,C1,parent,4,square,False,False,False
1545,56,D1,parent,4,airplane,True,True,True
1546,56,D1,parent,4,blue,False,False,False
1547,56,D1,parent,4,pick,False,True,False
1548,56,D1,parent,4,square,False,False,False
1549,56,E1,child,4,jump,True,True,False
1550,56,E1,child,4,people,False,True,False
1551,56,F1,child,4,fast,False,True,True
1552,56,F1,child,4,person,False,False,True
1553,56,F1,child,4,run,True,False,True
1554,56,F1,child,4,triangle,False,False,False
1555,56,G1,child,4,fall,False,False,False
1556,56,G1,child,4,people,False,False,False
1557,56,G1,child,4,yes,False,False,False
1558,56,H1,parent,4,blue,False,False,False
1559,56,H1,parent,4,hold,False,False,False
1560,56,H1,parent,4,jump,False,False,False
1561,56,H1,parent,4,person,True,False,False
1562,56,H1,parent,4,square,False,False,False
1563,56,H1,parent,4,tray,False,False,False
1564,56,I1,parent,4,blue,False,True,False
1565,56,I1,parent,4,couch,True,True,False
1566,56,I1,parent,4,doggie,True,True,False
1567,56,I1,parent,4,get,False,True,False
1568,56,I1,parent,4,like,False,True,False
1569,56,I1,parent,4,look,False,False,False
1570,56,I1,parent,4,ok,False,False,False
1571,56,I1,parent,4,square,False,False,False
1572,56,K1,child,4,blue,False,False,False
1573,56,K1,child,4,couch,True,False,True
1574,56,K1,child,4,dog,False,True,False
1575,56,K1,child,4,doggie,True,True,True
1576,56,K1,child,4,square,False,False,False
1577,57,A1,parent,8,away,False,False,False
1578,57,A1,parent,8,like,True,True,True
1579,57,A1,parent,8,look,True,True,True
1580,57,A1,parent,8,run,True,True,True
1581,57,A1,parent,8,tap,True,True,True
1582,57,B1,parent,8,away,False,True,True
1583,57,B1,parent,8,like,False,True,True
1584,57,B1,parent,8,look,False,True,True
1585,57,B1,parent,8,sad,False,True,False
1586,57,B1,parent,8,tap,True,True,True
1587,57,B1,parent,8,walk,False,True,False
1588,57,C1,child,8,kneel,False,True,True
1589,57,C1,child,8,like,True,False,True
1590,57,C1,child,8,look,True,False,True
1591,57,C1,child,8,tap,True,True,True
1592,57,D1,child,8,airplane,False,True,True
1593,57,D1,child,8,like,True,False,True
1594,57,D1,child,8,look,True,False,True
1595,57,D1,child,8,tap,True,True,True
1596,57,E1,parent,8,jump,False,True,True
1597,57,E1,parent,8,like,False,True,True
1598,57,E1,parent,8,look,False,True,True
1599,57,E1,parent,8,tap,True,True,True
1600,57,F1,child,8,arm,True,True,True
1601,57,F1,child,8,tap,True,True,True
1602,57,G1,parent,8,box,True,True,False
1603,57,G1,parent,8,like,False,True,False
1604,57,G1,parent,8,look,False,True,False
1605,57,G1,parent,8,sit,False,True,True
1606,57,G1,parent,8,tap,True,True,True
1607,57,H1,child,8,serve,False,False,False
1608,57,H1,child,8,tap,True,True,True
1609,57,I1,parent,8,like,False,True,False
1610,57,I1,parent,8,look,False,True,False
1611,57,I1,parent,8,serve,False,True,True
1612,57,I1,parent,8,tap,True,True,True
1613,57,K1,child,8,serve,True,True,True
1614,57,K1,child,8,tap,True,True,True
1615,58,A1,parent,6,finger,False,False,False
1616,58,A1,parent,6,like,True,True,True
1617,58,A1,parent,6,look,True,True,True
1618,58,A1,parent,6,snap,False,False,False
1619,58,A1,parent,6,somebody,False,True,False
1620,58,A1,parent,6,street,False,False,False
1621,58,A1,parent,6,walk,False,False,False
1622,58,B1,child,6,butler,False,False,False
1623,58,B1,child,6,hand,True,True,False
1624,58,B1,child,6,hold,False,False,False
1625,58,B1,child,6,kid,False,False,False
1626,58,B1,child,6,like,True,True,False
1627,58,B1,child,6,look,True,True,False
1628,58,B1,child,6,pocket,True,True,False
1629,58,B1,child,6,put,False,False,False
1630,58,C1,child,6,ground,False,False,True
1631,58,C1,child,6,guy,False,True,False
1632,58,C1,child,6,head,False,False,False
1633,58,C1,child,6,like,True,True,True
1634,58,C1,child,6,look,True,True,True
1635,58,D1,parent,6,boat,True,False,False
1636,58,D1,parent,6,like,True,True,False
1637,58,D1,parent,6,look,True,True,False
1638,58,D1,parent,6,somebody,False,True,False
1639,58,E1,child,6,guy,False,False,False
1640,58,E1,child,6,joy,False,False,True
1641,58,E1,child,6,jump,True,True,True
1642,58,E1,child,6,like,True,True,False
1643,58,E1,child,6,look,True,True,False
1644,58,F1,parent,6,chicken,False,False,False
1645,58,F1,parent,6,crazy,False,False,False
1646,58,F1,parent,6,like,True,True,True
1647,58,F1,parent,6,look,True,True,True
1648,58,G1,child,6,guy,False,True,False
1649,58,G1,child,6,like,True,True,False
1650,58,G1,child,6,look,True,True,False
1651,58,G1,child,6,phone,False,False,False
1652,58,G1,child,6,play,False,False,False
1653,58,H1,parent,6,hold,True,True,False
1654,58,H1,parent,6,like,True,True,False
1655,58,H1,parent,6,look,True,True,False
1656,58,H1,parent,6,somebody,True,True,False
1657,58,H1,parent,6,tray,False,False,False
1658,58,I1,child,6,arm,False,False,False
1659,58,I1,child,6,bend,False,False,False
1660,58,I1,child,6,guy,False,True,False
1661,58,I1,child,6,like,True,True,True
1662,58,I1,child,6,look,True,True,True
1663,58,K1,parent,6,frankie,False,False,False
1664,58,K1,parent,6,like,True,False,True
1665,58,K1,parent,6,look,True,False,True
1666,58,K1,parent,6,party,False,False,False
1667,58,K1,parent,6,tail,True,False,False
1668,59,B1,child,6,like,True,False,False
1669,59,B1,child,6,red,False,False,False
1670,59,B1,child,6,slow,False,False,False
1671,59,B1,child,6,walk,True,False,False
1672,59,B1,child,6,yellow,False,False,False
1673,59,B1,child,6,yes,False,False,False
1674,59,C1,child,6,Apollo,True,False,False
1675,59,C1,child,6,like,True,True,True
1676,59,C1,child,6,sniff,False,False,False
1677,59,C1,child,6,xxx,False,False,False
1678,59,D1,child,6,book,False,True,False
1679,59,D1,child,6,mom,False,False,False
1680,59,D1,child,6,read,True,True,False
1681,59,D1,child,6,think,False,False,False
1682,59,E1,parent,6,Morgan,False,False,False
1683,59,E1,parent,6,excited,False,True,False
1684,59,E1,parent,6,know,False,False,False
1685,59,E1,parent,6,okay,False,False,False
1686,59,E1,parent,6,phone,False,False,False
1687,59,E1,parent,6,play,False,False,False
1688,59,E1,parent,6,super,False,False,False
1689,59,E1,parent,6,talk,False,False,False
1690,59,E1,parent,6,turn,False,False,False
1691,59,F1,parent,6,big,False,False,False
1692,59,F1,parent,6,bird,False,True,False
1693,59,F1,parent,6,like,False,True,True
1694,59,F1,parent,6,look,False,True,True
1695,59,F1,parent,6,zoo,False,False,False
1696,59,G1,parent,6,chair,False,False,False
1697,59,G1,parent,6,dinner,False,False,False
1698,59,G1,parent,6,eat,False,False,False
1699,59,G1,parent,6,like,False,True,True
1700,59,G1,parent,6,look,False,True,True
1701,59,G1,parent,6,sit,True,False,False
1702,59,H1,child,6,bring,False,False,False
1703,59,H1,child,6,daddy,False,False,False
1704,59,H1,child,6,gift,False,False,False
1705,59,H1,child,6,handsome,False,False,False
1706,59,H1,child,6,like,False,True,False
1707,59,H1,child,6,look,False,False,False
1708,59,I1,child,6,food,True,False,True
1709,59,I1,child,6,nice,False,False,False
1710,59,K1,parent,6,turn,False,False,False
1711,60,A1,child,4,man,False,False,False
1712,60,A1,child,4,run,True,True,True
1713,60,A1,child,4,wal,False,False,False
1714,60,B1,parent,4,ground,True,True,False
1715,60,B1,parent,4,like,True,True,True
1716,60,B1,parent,4,look,True,True,True
1717,60,B1,parent,4,man,False,False,False
1718,60,B1,parent,4,tap,True,True,True
1719,60,B1,parent,4,walk,True,True,True
1720,60,C1,child,4,blue,False,True,False
1721,60,C1,child,4,doggy,False,True,False
1722,60,C1,child,4,like,False,True,True
1723,60,C1,child,4,look,False,True,True
1724,60,C1,child,4,square,False,True,False
1725,60,C1,child,4,tap,True,True,True
1726,60,D1,child,4,belly,True,False,True
1727,60,D1,child,4,blue,False,False,False
1728,60,D1,child,4,lay,False,True,True
1729,60,D1,child,4,mean,False,False,False
1730,60,D1,child,4,person,False,True,False
1731,60,D1,child,4,square,False,False,False
1732,60,D1,child,4,tap,False,False,True
1733,60,E1,child,4,backwards,False,False,False
1734,60,E1,child,4,blue,False,False,False
1735,60,E1,child,4,foot,False,False,False
1736,60,E1,child,4,hand,False,False,False
1737,60,E1,child,4,jump,True,False,True
1738,60,E1,child,4,put,False,False,False
1739,60,E1,child,4,square,False,False,False
1740,60,E1,child,4,straight,False,False,False
1741,60,E1,child,4,tap,False,True,True
1742,60,F1,parent,4,foot,False,False,False
1743,60,F1,parent,4,like,False,True,False
1744,60,F1,parent,4,look,False,True,False
1745,60,F1,parent,4,run,False,True,False
1746,60,F1,parent,4,tap,False,True,True
1747,60,F1,parent,4,triangle,False,False,False
1748,60,G1,parent,4,like,True,True,False
1749,60,G1,parent,4,look,True,True,True
1750,60,G1,parent,4,sit,False,False,True
1751,60,G1,parent,4,square,False,False,True
1752,60,G1,parent,4,tap,True,True,True
1753,60,G1,parent,4,uhmm,False,False,False
1754,60,H1,parent,4,blue,False,False,True
1755,60,H1,parent,4,hand,False,False,True
1756,60,H1,parent,4,hat,False,True,False
1757,60,H1,parent,4,hold,False,True,True
1758,60,H1,parent,4,like,True,True,True
1759,60,H1,parent,4,look,True,True,True
1760,60,H1,parent,4,person,False,False,False
1761,60,H1,parent,4,square,False,False,True
1762,60,H1,parent,4,stand,False,True,False
1763,60,I1,child,4,doggy,True,True,True
1764,60,I1,child,4,hmm,False,False,False
1765,60,I1,child,4,like,True,True,True
1766,60,I1,child,4,look,True,True,True
1767,60,K1,parent,4,head,False,False,False
1768,60,K1,parent,4,house,False,False,False
1769,60,K1,parent,4,shape,False,False,False
1770,60,K1,parent,4,tap,False,True,False
1771,61,A1,parent,4,leg,False,True,False
1772,61,A1,parent,4,like,True,True,True
1773,61,A1,parent,4,run,False,True,True
1774,61,A1,parent,4,separate,False,False,False
1775,61,A1,parent,4,uh,False,True,False
1776,61,B1,child,4,like,True,True,True
1777,61,B1,child,4,look,True,True,True
1778,61,B1,child,4,sad,False,True,True
1779,61,B1,child,4,slowly,False,False,False
1780,61,B1,child,4,walk,True,False,False
1781,61,C1,child,4,crazy,False,False,False
1782,61,C1,child,4,diving,False,True,True
1783,61,C1,child,4,like,True,True,True
1784,61,C1,child,4,look,True,True,True
1785,61,D1,child,4,lay,True,True,True
1786,61,D1,child,4,like,True,True,True
1787,61,D1,child,4,look,True,True,True
1788,61,E1,child,4,jumping,False,False,False
1789,61,E1,child,4,like,False,True,True
1790,61,E1,child,4,look,False,True,True
1791,61,F1,parent,4,arm,False,False,False
1792,61,F1,parent,4,crazy,False,True,False
1793,61,F1,parent,4,like,True,True,True
1794,61,F1,parent,4,look,True,True,True
1795,61,F1,parent,4,open,False,False,False
1796,61,F1,parent,4,sad,False,False,False
1797,61,F1,parent,4,spread,False,False,False
1798,61,F1,parent,4,uh,False,True,False
1799,61,G1,parent,4,diving,False,False,False
1800,61,G1,parent,4,kneel,False,True,False
1801,61,G1,parent,4,like,True,True,True
1802,61,G1,parent,4,look,True,True,True
1803,61,G1,parent,4,uh,False,True,False
1804,61,H1,parent,4,cream,False,False,False
1805,61,H1,parent,4,eat,False,False,False
1806,61,H1,parent,4,ice,False,False,False
1807,61,H1,parent,4,leg,False,False,False
1808,61,H1,parent,4,like,True,True,True
1809,61,H1,parent,4,look,True,True,True
1810,61,H1,parent,4,oh,False,False,False
1811,61,H1,parent,4,okay,False,False,False
1812,61,H1,parent,4,say,False,True,False
1813,61,H1,parent,4,school,True,True,True
1814,61,H1,parent,4,separate,False,False,False
1815,61,H1,parent,4,think,False,False,False
1816,61,H1,parent,4,uh,False,True,False
1817,61,I1,parent,4,cream,False,False,True
1818,61,I1,parent,4,eat,False,False,True
1819,61,I1,parent,4,ice,False,False,True
1820,61,I1,parent,4,like,True,True,True
1821,61,I1,parent,4,look,True,True,True
1822,61,I1,parent,4,ok,False,True,False
1823,61,I1,parent,4,think,False,False,False
1824,61,I1,parent,4,uh,False,False,False
1825,61,K1,child,4,house,True,True,True
1826,61,K1,child,4,like,True,True,True
1827,61,K1,child,4,look,True,True,True
1828,61,K1,child,4,tail,False,False,True
1829,62,A1,child,8,run,False,True,True
1830,62,B1,child,8,guy,False,True,False
1831,62,B1,child,8,head,False,True,True
1832,62,B1,child,8,walk,True,True,True
1833,62,C1,parent,8,floor,False,False,False
1834,62,C1,parent,8,head,False,False,False
1835,62,C1,parent,8,kneel,False,True,True
1836,62,C1,parent,8,like,True,True,False
1837,62,C1,parent,8,look,False,True,False
1838,62,C1,parent,8,pray,False,True,False
1839,62,C1,parent,8,uh,False,False,False
1840,62,D1,child,8,guy,False,True,False
1841,62,D1,child,8,hovercraft,False,False,False
1842,62,E1,parent,8,bat,True,True,True
1843,62,E1,parent,8,uh,False,False,False
1844,62,F1,parent,8,arm,False,True,False
1845,62,F1,parent,8,person,False,False,False
1846,62,F1,parent,8,run,True,True,True
1847,62,F1,parent,8,stretch,False,False,False
1848,62,F1,parent,8,uh,False,False,False
1849,62,G1,parent,8,dress,True,True,True
1850,62,G1,parent,8,floor,False,False,False
1851,62,G1,parent,8,like,True,True,True
1852,62,G1,parent,8,look,True,False,False
1853,62,G1,parent,8,sit,True,True,True
1854,62,G1,parent,8,um,False,False,False
1855,62,H1,child,8,cloak,False,True,True
1856,62,H1,child,8,guy,False,False,False
1857,62,H1,child,8,hand,False,False,False
1858,62,I1,child,8,bowl,True,True,True
1859,62,I1,child,8,hold,True,True,True
1860,62,I1,child,8,triangular,False,False,False
1861,62,K1,parent,8,dog,False,True,False
1862,62,K1,parent,8,head,False,False,False
1863,62,K1,parent,8,house,False,False,True
1864,62,K1,parent,8,person,False,True,False
1865,62,K1,parent,8,uh,False,True,False
1866,64,A1,parent,4,person,False,False,False
1867,64,A1,parent,4,run,True,False,False
1868,64,B1,parent,4,away,False,False,False
1869,64,B1,parent,4,person,True,False,False
1870,64,B1,parent,4,sad,False,False,False
1871,64,B1,parent,4,walk,True,True,True
1872,64,C1,child,4,yeah,False,False,False
1873,64,D1,child,4,lay,False,False,False
1874,64,D1,child,4,um,True,False,False
1875,64,D1,child,4,yeah,False,False,False
1876,64,E1,parent,4,jumping,False,False,False
1877,64,F1,child,4,dance,False,False,True
1878,64,F1,child,4,happy,False,False,True
1879,64,F1,child,4,hm,False,False,False
1880,64,F1,child,4,mm,False,False,False
1881,64,G1,parent,4,knee,False,True,False
1882,64,H1,child,4,bowl,False,False,True
1883,64,H1,child,4,butt,False,False,False
1884,64,H1,child,4,hold,True,False,True
1885,64,H1,child,4,stick,False,False,False
1886,64,H1,child,4,um,False,True,True
1887,64,I1,parent,4,butt,True,True,True
1888,64,I1,parent,4,stick,True,True,True
1889,64,I1,parent,4,touch,False,True,True
1890,64,I1,parent,4,yeah,True,False,True
1891,64,K1,child,4,butt,False,True,True
1892,64,K1,child,4,stick,False,True,False
1893,64,K1,child,4,um,False,False,True
1894,64,K1,child,4,yeah,False,True,False
1895,65,A1,parent,4,backwards,False,False,False
1896,65,A1,parent,4,okay,False,True,False
1897,65,A1,parent,4,walk,False,False,False
1898,65,A1,parent,4,woman,False,False,False
1899,65,B1,child,4,away,True,False,False
1900,65,B1,child,4,walk,True,False,True
1901,65,C1,child,4,lay,False,True,False
1902,65,D1,parent,4,lie,True,True,False
1903,65,E1,parent,4,jump,True,True,True
1904,65,E1,parent,4,okay,False,True,False
1905,65,F1,child,4,skip,False,False,False
1906,65,F1,child,4,um,False,False,False
1907,65,F1,child,4,yeah,False,False,False
1908,65,G1,parent,4,knee,False,True,False
1909,65,G1,parent,4,uh,False,False,False
1910,65,H1,child,4,ghost,False,False,False
1911,65,H1,child,4,guy,False,False,False
1912,65,H1,child,4,knee,True,False,True
1913,65,I1,child,4,ball,False,False,False
1914,65,I1,child,4,hold,True,True,True
1915,65,I1,child,4,um,False,False,False
1916,65,K1,parent,4,okay,False,True,False
1917,65,K1,parent,4,stand,False,False,False
1918,66,A1,parent,6,ballerina,False,False,True
1919,66,A1,parent,6,dancing,False,False,False
1920,66,A1,parent,6,description,False,False,False
1921,66,A1,parent,6,like,True,True,True
1922,66,A1,parent,6,time,False,False,False
1923,66,A1,parent,6,twirl,False,False,True
1924,66,A1,parent,6,um,False,False,False
1925,66,B1,child,6,ground,True,True,True
1926,66,B1,child,6,look,True,True,True
1927,66,C1,parent,6,baby,True,True,True
1928,66,C1,parent,6,crawl,True,True,False
1929,66,C1,parent,6,uh,False,False,False
1930,66,D1,child,6,guy,False,True,False
1931,66,D1,child,6,read,True,False,False
1932,66,D1,child,6,tummy,True,False,True
1933,66,E1,child,6,air,True,True,True
1934,66,E1,child,6,hand,True,True,True
1935,66,E1,child,6,jump,True,False,True
1936,66,E1,child,6,sky,False,False,True
1937,66,F1,child,6,bird,False,True,True
1938,66,F1,child,6,flap,False,False,False
1939,66,F1,child,6,foot,False,True,True
1940,66,F1,child,6,guy,False,True,False
1941,66,F1,child,6,wing,False,False,False
1942,66,G1,parent,6,box,False,True,False
1943,66,G1,parent,6,sad,False,False,False
1944,66,G1,parent,6,sit,True,True,False
1945,66,G1,parent,6,square,False,False,False
1946,66,G1,parent,6,umm,False,False,False
1947,66,G1,parent,6,woman,False,False,True
1948,66,H1,child,6,emperor,False,True,True
1949,66,H1,child,6,hold,True,True,True
1950,66,I1,parent,6,bowl,False,True,True
1951,66,I1,parent,6,hold,False,True,True
1952,66,I1,parent,6,like,True,True,True
1953,66,I1,parent,6,look,True,True,False
1954,66,I1,parent,6,waiter,False,True,False
1955,66,K1,parent,6,doggy,False,False,False
1956,66,K1,parent,6,uh,False,False,False
1957,67,A1,child,8,away,True,True,False
1958,67,A1,child,8,like,True,True,True
1959,67,A1,child,8,look,True,True,True
1960,67,A1,child,8,tap,True,False,True
1961,67,A1,child,8,walk,True,True,False
1962,67,A1,child,8,woman,True,False,True
1963,67,B1,parent,8,alright,False,True,False
1964,67,B1,parent,8,away,False,True,True
1965,67,B1,parent,8,box,False,False,False
1966,67,B1,parent,8,get,False,True,False
1967,67,B1,parent,8,hand,False,False,False
1968,67,B1,parent,8,like,False,False,False
1969,67,B1,parent,8,look,True,False,False
1970,67,B1,parent,8,tap,True,False,True
1971,67,B1,parent,8,walk,False,True,True
1972,67,C1,child,8,crouch,True,False,True
1973,67,C1,child,8,like,True,True,False
1974,67,C1,child,8,look,True,True,False
1975,67,C1,child,8,tap,True,True,True
1976,67,D1,parent,8,fly,False,False,True
1977,67,D1,parent,8,like,True,True,True
1978,67,D1,parent,8,look,True,True,True
1979,67,D1,parent,8,tap,False,True,True
1980,67,E1,parent,8,jump,True,True,True
1981,67,E1,parent,8,like,True,True,False
1982,67,E1,parent,8,look,True,True,False
1983,67,E1,parent,8,tap,False,True,True
1984,67,F1,parent,8,alright,False,False,False
1985,67,F1,parent,8,fly,False,False,False
1986,67,F1,parent,8,foot,True,True,False
1987,67,F1,parent,8,like,True,True,False
1988,67,F1,parent,8,look,True,True,False
1989,67,F1,parent,8,tap,True,True,True
1990,67,F1,parent,8,triangle,True,True,False
1991,67,G1,child,8,kneel,True,False,True
1992,67,G1,child,8,like,True,True,True
1993,67,G1,child,8,look,True,True,True
1994,67,G1,child,8,tap,True,True,True
1995,67,H1,parent,8,box,False,True,True
1996,67,H1,parent,8,carry,True,True,True
1997,67,H1,parent,8,like,True,True,True
1998,67,H1,parent,8,look,True,True,True
1999,67,H1,parent,8,tap,False,False,True
2000,67,I1,child,8,butler,False,False,False
2001,67,I1,child,8,like,True,False,False
2002,67,I1,child,8,look,True,True,False
2003,67,I1,child,8,save,False,False,False
2004,67,I1,child,8,soup,False,False,False
2005,67,I1,child,8,tap,True,False,True
2006,67,K1,child,8,arrow,False,False,False
2007,67,K1,child,8,head,False,False,False
2008,67,K1,child,8,tap,True,True,True
2009,68,A1,parent,6,away,False,False,False
2010,68,A1,parent,6,kay,False,False,False
2011,68,A1,parent,6,rainstorm,False,False,False
2012,68,A1,parent,6,run,False,True,False
2013,68,B1,parent,6,cause,False,False,False
2014,68,B1,parent,6,lose,False,False,False
2015,68,B1,parent,6,money,False,False,False
2016,68,B1,parent,6,sad,True,False,False
2017,68,C1,child,6,hurt,False,False,False
2018,68,C1,child,6,majesty,False,False,False
2019,68,C1,child,6,say,False,False,False
2020,68,D1,parent,6,bed,False,True,False
2021,68,D1,parent,6,book,False,False,False
2022,68,D1,parent,6,mmm,False,False,False
2023,68,D1,parent,6,read,False,True,False
2024,68,E1,child,6,away,False,False,False
2025,68,E1,child,6,walk,False,False,False
2026,68,F1,child,6,foot,False,False,False
2027,68,F1,child,6,triangle,False,False,False
2028,68,F1,child,6,um,False,False,False
2029,68,G1,child,6,like,False,True,False
2030,68,G1,child,6,woohoo,False,False,False
2031,68,H1,child,6,box,False,False,False
2032,68,H1,child,6,inside,False,False,False
2033,68,H1,child,6,look,False,False,False
2034,68,I1,parent,6,drink,False,False,False
2035,68,I1,parent,6,present,False,False,False
2036,68,K1,parent,6,butt,False,False,False
2037,68,K1,parent,6,triangle,False,False,False
2038,69,A1,child,6,run,True,True,True
2039,69,B1,parent,6,sad,False,True,False
2040,69,C1,child,6,beg,False,False,True
2041,69,C1,child,6,plane,False,False,False
2042,69,D1,parent,6,fall,True,False,False
2043,69,D1,parent,6,head,False,False,False
2044,69,D1,parent,6,hit,False,False,False
2045,69,D1,parent,6,oh,False,False,False
2046,69,E1,child,6,like,False,True,False
2047,69,F1,parent,6,away,False,False,False
2048,69,F1,parent,6,crazy,False,False,False
2049,69,F1,parent,6,guy,False,True,False
2050,69,F1,parent,6,run,False,True,True
2051,69,G1,parent,6,bench,False,False,True
2052,69,G1,parent,6,sit,True,True,True
2053,69,G1,parent,6,think,True,True,True
2054,69,G1,parent,6,uh,False,False,False
2055,69,H1,child,6,cookie,False,False,True
2056,69,H1,child,6,give,False,True,False
2057,69,I1,parent,6,oh,False,False,False
2058,69,K1,child,6,drink,False,False,False
2059,69,K1,child,6,give,False,False,False
2060,69,K1,child,6,like,True,True,False
2061,69,K1,child,6,xxx,False,False,False
2062,70,A1,child,6,happy,False,False,False
2063,70,A1,child,6,run,False,False,False
2064,70,A1,child,6,think,False,False,False
2065,70,B1,child,6,sad,False,False,True
2066,70,C1,parent,6,bend,False,False,False
2067,70,C1,parent,6,knee,False,False,False
2068,70,D1,parent,6,car,False,True,False
2069,70,D1,parent,6,drive,False,False,False
2070,70,D1,parent,6,let,False,False,False
2071,70,E1,parent,6,air,False,False,False
2072,70,E1,parent,6,leap,False,False,False
2073,70,F1,child,6,like,True,True,True
2074,70,F1,child,6,look,True,True,True
2075,70,F1,child,6,split,False,True,False
2076,70,F1,child,6,xxx,False,True,False
2077,70,G1,parent,6,lady,False,False,False
2078,70,G1,parent,6,sit,True,True,True
2079,70,H1,parent,6,bucket,False,True,False
2080,70,H1,parent,6,carry,False,False,False
2081,70,H1,parent,6,hmm,False,False,False
2082,70,H1,parent,6,let,False,False,False
2083,70,I1,child,6,hold,True,True,False
2084,70,I1,child,6,triangle,False,True,False
2085,70,K1,child,6,head,False,False,False
2086,70,K1,child,6,tail,False,False,False
2087,71,A1,child,8,hand,False,False,False
2088,71,A1,child,8,run,False,True,True
2089,71,B1,parent,8,cause,False,False,False
2090,71,B1,parent,8,command,False,False,False
2091,71,B1,parent,8,lean,False,True,False
2092,71,B1,parent,8,let,False,False,False
2093,71,B1,parent,8,like,True,True,True
2094,71,B1,parent,8,look,True,True,True
2095,71,B1,parent,8,lose,False,False,False
2096,71,B1,parent,8,module,False,False,False
2097,71,B1,parent,8,nose,False,False,False
2098,71,B1,parent,8,rocket,False,False,False
2099,71,B1,parent,8,ship,False,False,False
2100,71,B1,parent,8,square,False,False,False
2101,71,B1,parent,8,think,False,False,False
2102,71,B1,parent,8,uh,False,False,False
2103,71,B1,parent,8,uhh,False,False,False
2104,71,B1,parent,8,um,False,False,False
2105,71,C1,parent,8,um,False,False,False
2106,71,D1,child,8,air,False,False,True
2107,71,D1,child,8,foot,False,False,True
2108,71,D1,child,8,lay,False,True,False
2109,71,D1,child,8,somebody,False,True,False
2110,71,D1,child,8,tail,False,False,False
2111,71,D1,child,8,uh,False,False,False
2112,71,E1,child,8,body,False,False,False
2113,71,E1,child,8,diamond,False,False,False
2114,71,E1,child,8,dip,False,False,False
2115,71,E1,child,8,head,False,True,False
2116,71,E1,child,8,shaped,True,False,False
2117,71,F1,child,8,air,False,False,False
2118,71,F1,child,8,foot,True,False,False
2119,71,F1,child,8,point,False,False,False
2120,71,F1,child,8,triangle,False,True,False
2121,71,G1,parent,8,jet,False,False,False
2122,71,G1,parent,8,let,False,False,False
2123,71,G1,parent,8,like,True,True,True
2124,71,G1,parent,8,look,True,True,True
2125,71,G1,parent,8,uhh,False,False,False
2126,71,G1,parent,8,um,False,True,False
2127,71,G1,parent,8,umm,True,False,False
2128,71,H1,parent,8,graduate,False,False,False
2129,71,H1,parent,8,uh,False,False,True
2130,71,H1,parent,8,um,False,True,False
2131,71,H1,parent,8,umm,True,False,False
2132,71,I1,child,8,foot,False,False,False
2133,71,I1,child,8,forward,False,False,False
2134,71,I1,child,8,give,False,False,False
2135,71,I1,child,8,head,False,False,False
2136,71,I1,child,8,learn,False,False,False
2137,71,I1,child,8,like,True,True,True
2138,71,I1,child,8,look,True,True,True
2139,71,I1,child,8,point,False,False,False
2140,71,I1,child,8,somebody,False,False,False
2141,71,I1,child,8,triangle,False,False,False
2142,71,K1,parent,8,dog,False,False,False
2143,71,K1,parent,8,hind,False,False,False
2144,71,K1,parent,8,learn,False,False,False
2145,71,K1,parent,8,leg,False,False,False
2146,71,K1,parent,8,stand,False,False,False
2147,71,K1,parent,8,trick,False,False,False
2148,71,K1,parent,8,um,True,False,False
2149,72,A1,child,8,run,True,True,True
2150,72,A1,child,8,somebody,False,True,True
2151,72,B1,child,8,look,True,True,True
2152,72,B1,child,8,somebody,False,True,True
2153,72,C1,parent,8,go,False,True,False
2154,72,C1,parent,8,handstand,False,False,False
2155,72,C1,parent,8,somebody,False,True,True
2156,72,D1,parent,8,leg,False,False,False
2157,72,D1,parent,8,lie,True,True,True
2158,72,D1,parent,8,somebody,False,True,True
2159,72,E1,child,8,jump,True,True,True
2160,72,E1,child,8,somebody,True,False,True
2161,72,F1,child,8,mouth,False,True,True
2162,72,F1,child,8,point,True,False,False
2163,72,F1,child,8,shark,False,False,True
2164,72,F1,child,8,somebody,False,False,False
2165,72,G1,child,8,sit,True,True,True
2166,72,G1,child,8,somebody,False,True,True
2167,72,H1,parent,8,hold,False,True,False
2168,72,H1,parent,8,tray,False,False,False
2169,72,I1,parent,8,diamond,False,False,False
2170,72,I1,parent,8,hold,False,True,True
2171,72,I1,parent,8,somebody,False,True,True
2172,72,I1,parent,8,tray,False,True,False
2173,72,K1,parent,8,hold,False,False,False
2174,72,K1,parent,8,okay,False,False,False
2175,72,K1,parent,8,somebody,False,True,True
2176,72,K1,parent,8,tray,False,False,False
2177,73,A1,child,6,away,False,False,True
2178,73,A1,child,6,run,True,True,True
2179,73,B1,child,6,fast,False,False,False
2180,73,B1,child,6,run,False,False,False
2181,73,B1,child,6,somebody,False,True,True
2182,73,D1,parent,6,airplane,False,False,True
2183,73,D1,parent,6,book,False,True,False
2184,73,D1,parent,6,like,False,True,False
2185,73,D1,parent,6,look,False,True,False
2186,73,D1,parent,6,oh,False,False,False
2187,73,D1,parent,6,okay,True,True,False
2188,73,D1,parent,6,read,False,True,False
2189,73,D1,parent,6,somebody,False,True,True
2190,73,D1,parent,6,uh,True,True,False
2191,73,E1,parent,6,joy,False,False,True
2192,73,E1,parent,6,jump,False,False,True
2193,73,E1,parent,6,like,True,True,False
2194,73,E1,parent,6,look,False,True,False
2195,73,E1,parent,6,mhm,False,False,False
2196,73,E1,parent,6,mm,False,False,False
2197,73,E1,parent,6,shape,False,False,False
2198,73,E1,parent,6,sit,False,True,False
2199,73,E1,parent,6,somebody,False,True,True
2200,73,E1,parent,6,uh,False,False,False
2201,73,F1,child,6,catch,False,True,False
2202,73,F1,child,6,maybe,True,False,False
2203,73,F1,child,6,somebody,False,True,True
2204,73,F1,child,6,try,False,False,False
2205,73,G1,child,6,help,False,False,False
2206,73,G1,child,6,order,False,False,False
2207,73,G1,child,6,president,False,False,False
2208,73,G1,child,6,somebody,True,True,True
2209,73,G1,child,6,tell,False,False,False
2210,73,G1,child,6,uh,True,False,True
2211,73,G1,child,6,xxx,False,False,False
2212,73,G1,child,6,yeah,True,False,False
2213,73,H1,parent,6,like,False,True,False
2214,73,H1,parent,6,okay,True,True,True
2215,73,H1,parent,6,serve,False,False,False
2216,73,H1,parent,6,square,False,True,False
2217,73,H1,parent,6,um,False,True,False
2218,73,I1,parent,6,serve,False,True,False
2219,73,I1,parent,6,shape,False,False,False
2220,73,I1,parent,6,somebody,True,True,True
2221,73,I1,parent,6,um,False,False,True
2222,73,K1,child,6,bark,False,False,False
2223,73,K1,child,6,dog,False,False,False
2224,73,K1,child,6,somebody,False,True,False
2225,74,A1,child,6,like,True,False,True
2226,74,A1,child,6,look,True,False,True
2227,74,A1,child,6,oh,False,False,False
2228,74,A1,child,6,run,False,True,True
2229,74,A1,child,6,yes,False,False,False
2230,74,B1,parent,6,away,False,False,False
2231,74,B1,parent,6,like,False,True,False
2232,74,B1,parent,6,look,False,True,False
2233,74,B1,parent,6,um,False,False,False
2234,74,B1,parent,6,walk,True,True,True
2235,74,C1,parent,6,fall,False,False,False
2236,74,C1,parent,6,like,False,True,True
2237,74,C1,parent,6,look,False,False,True
2238,74,D1,parent,6,lay,False,True,False
2239,74,D1,parent,6,leg,False,False,False
2240,74,D1,parent,6,like,False,True,True
2241,74,D1,parent,6,look,False,True,True
2242,74,D1,parent,6,stomach,False,True,False
2243,74,E1,child,6,fly,False,True,False
2244,74,F1,child,6,like,True,True,True
2245,74,F1,child,6,look,True,True,True
2246,74,F1,child,6,sky,False,False,False
2247,74,G1,parent,6,like,True,True,False
2248,74,G1,parent,6,look,False,True,False
2249,74,G1,parent,6,sit,False,False,False
2250,74,H1,child,6,coin,False,False,False
2251,74,H1,child,6,give,False,False,False
2252,74,H1,child,6,like,True,False,True
2253,74,H1,child,6,look,True,False,True
2254,74,I1,parent,6,hand,True,True,True
2255,74,I1,parent,6,like,False,True,False
2256,74,I1,parent,6,look,False,True,False
2257,74,I1,parent,6,um,True,True,False
2258,74,K1,child,6,give,False,False,False
2259,74,K1,child,6,like,True,False,True
2260,74,K1,child,6,look,True,False,True
2261,75,A1,child,8,arm,False,True,False
2262,75,A1,child,8,fin,False,True,False
2263,75,A1,child,8,guy,False,False,False
2264,75,B1,parent,8,guy,False,False,False
2265,75,B1,parent,8,lonely,True,False,True
2266,75,B1,parent,8,sad,True,False,True
2267,75,C1,parent,8,drink,False,True,False
2268,75,C1,parent,8,get,False,False,False
2269,75,C1,parent,8,lay,True,False,False
2270,75,C1,parent,8,river,False,True,False
2271,75,C1,parent,8,umm,False,False,False
2272,75,D1,child,8,float,False,False,False
2273,75,D1,child,8,racecar,False,True,False
2274,75,E1,parent,8,joy,False,False,False
2275,75,E1,parent,8,jump,True,True,False
2276,75,F1,child,8,dab,True,False,False
2277,75,G1,child,8,chair,False,False,False
2278,75,G1,child,8,sit,False,False,False
2279,75,H1,child,8,arm,False,False,False
2280,75,H1,child,8,flag,False,False,False
2281,75,H1,child,8,guy,False,False,False
2282,75,I1,parent,8,serve,False,False,False
2283,75,I1,parent,8,table,False,False,False
2284,75,I1,parent,8,triangle,False,True,False
2285,75,I1,parent,8,um,False,False,False
2286,75,I1,parent,8,upside,False,False,False
2287,75,K1,parent,8,aw,False,False,False
2288,75,K1,parent,8,dog,False,True,True
2289,75,K1,parent,8,think,False,False,False
