target,occurrence,person,audio,subid,trial,leftpic,rightpic,correct,subject
A1,2,child,62_31,62,31,H1,A1,Y,1
B1,1,child,11_04,11,4,B1,C1,Y,1
C1,2,child,42_35,42,35,C1,E1,Y,1
D1,1,parent,71_09,71,9,D1,K1,Y,1
E1,2,parent,59_40,59,40,E1,I1,Y,1
F1,1,parent,34_07,34,7,K1,F1,Y,1
G1,2,child,32_37,32,37,C1,G1,Y,1
H1,1,parent,35_03,35,3,C1,H1,Y,1
I1,1,child,55_04,55,4,B1,I1,Y,1
K1,2,child,67_31,67,31,B1,K1,Y,1
A1,2,child,73_35,73,35,A1,I1,Y,2
B1,2,child,34_39,34,39,B1,C1,Y,2
C1,2,child,67_39,67,39,E1,C1,Y,2
D1,1,parent,04_09,4,9,D1,E1,Y,2
E1,2,parent,62_40,62,40,E1,I1,Y,2
F1,1,parent,71_03,71,3,F1,K1,Y,2
G1,1,child,33_02,33,2,G1,C1,Y,2
H1,1,parent,15_01,15,1,C1,H1,Y,2
I1,1,child,39_08,39,8,B1,I1,Y,2
K1,2,child,40_33,40,33,K1,F1,Y,2
A1,2,child,74_37,74,37,A1,I1,Y,3
B1,2,child,66_31,66,31,D1,B1,Y,3
C1,1,child,74_06,74,6,A1,C1,Y,3
D1,1,parent,57_01,57,1,D1,H1,Y,3
E1,2,parent,70_40,70,40,I1,E1,Y,3
F1,1,parent,50_03,50,3,B1,F1,Y,3
G1,2,child,72_33,72,33,E1,G1,Y,3
H1,1,parent,75_09,75,9,H1,E1,Y,3
I1,1,child,64_08,64,8,E1,I1,Y,3
K1,2,child,11_33,11,33,K1,B1,Y,3
A1,1,child,54_04,54,4,I1,A1,Y,4
B1,1,child,21_02,21,2,C1,B1,N,4
C1,2,child,54_33,54,33,I1,C1,Y,4
D1,1,parent,33_07,33,7,H1,D1,Y,4
E1,2,parent,15_32,15,32,E1,I1,Y,4
F1,2,parent,49_38,49,38,F1,B1,Y,4
G1,2,child,47_33,47,33,G1,K1,Y,4
H1,1,parent,36_09,36,9,H1,E1,Y,4
I1,2,child,67_33,67,33,A1,I1,Y,4
K1,1,child,58_06,58,6,K1,A1,N,4
A1,2,child,69_33,69,33,D1,A1,Y,5
B1,2,child,09_39,9,39,B1,I1,Y,5
C1,1,child,04_02,4,2,C1,I1,Y,5
D1,2,child,07_31,7,31,D1,H1,Y,5
E1,1,parent,21_01,21,1,E1,I1,Y,5
F1,1,parent,07_09,7,9,G1,F1,Y,5
G1,1,child,69_04,69,4,C1,G1,Y,5
H1,2,child,65_33,65,33,D1,H1,Y,5
I1,1,child,48_10,48,10,B1,I1,Y,5
K1,2,child,56_35,56,35,K1,A1,Y,5
A1,1,child,45_04,45,4,A1,D1,Y,6
B1,1,child,75_02,75,2,B1,D1,Y,6
C1,2,child,68_33,68,33,H1,C1,Y,6
D1,1,parent,52_01,52,1,D1,E1,Y,6
E1,2,parent,46_38,46,38,E1,B1,Y,6
F1,2,parent,61_34,61,34,F1,B1,Y,6
G1,2,child,67_37,67,37,G1,D1,Y,6
H1,1,parent,53_05,53,5,E1,H1,Y,6
I1,2,child,71_33,71,33,B1,I1,N,6
K1,1,child,26_08,26,8,D1,K1,Y,6
A1,2,parent,65_34,65,34,A1,D1,Y,7
B1,2,child,28_37,28,37,B1,C1,Y,7
C1,1,child,70_04,70,4,E1,C1,Y,7
D1,2,child,57_31,57,31,F1,D1,Y,7
E1,1,parent,58_03,58,3,I1,E1,Y,7
F1,1,parent,68_07,68,7,F1,B1,Y,7
G1,1,child,60_10,60,10,E1,G1,N,7
H1,2,child,37_35,37,35,A1,H1,Y,7
I1,1,child,11_10,11,10,B1,I1,Y,7
K1,2,child,14_39,14,39,F1,K1,Y,7
A1,1,child,50_04,50,4,I1,A1,Y,8
B1,1,child,35_06,35,6,C1,B1,N,8
C1,2,parent,50_36,50,36,C1,A1,Y,8
D1,1,parent,21_05,21,5,D1,F1,Y,8
E1,2,parent,65_38,65,38,B1,E1,Y,8
F1,2,parent,38_34,38,34,F1,K1,Y,8
G1,2,parent,59_36,59,36,E1,G1,Y,8
H1,1,parent,37_07,37,7,H1,E1,Y,8
I1,2,parent,11_36,11,36,I1,C1,Y,8
K1,1,child,09_10,9,10,D1,K1,Y,8
A1,2,parent,52_32,52,32,I1,A1,Y,9
B1,2,parent,64_36,64,36,I1,B1,Y,9
C1,1,child,28_06,28,6,I1,C1,Y,9
D1,2,child,59_39,59,39,D1,K1,Y,9
E1,1,parent,18_05,18,5,A1,E1,Y,9
F1,1,parent,75_01,75,1,B1,F1,Y,9
G1,1,child,26_02,26,2,G1,K1,N,9
H1,2,child,57_37,57,37,E1,H1,Y,9
I1,1,child,72_06,72,6,C1,I1,Y,9
K1,2,parent,12_38,12,38,K1,F1,Y,9
A1,1,child,59_04,59,4,A1,K1,Y,10
B1,1,child,18_08,18,8,D1,B1,Y,10
C1,2,parent,33_34,33,34,C1,H1,Y,10
D1,1,parent,51_09,51,9,E1,D1,Y,10
E1,2,child,21_37,21,37,A1,E1,N,10
F1,2,parent,14_34,14,34,F1,K1,Y,10
G1,2,parent,44_34,44,34,C1,G1,Y,10
H1,1,parent,50_07,50,7,E1,H1,Y,10
I1,2,parent,68_40,68,40,B1,I1,Y,10
K1,1,child,65_10,65,10,K1,B1,Y,10
A1,2,parent,36_38,36,38,A1,K1,Y,11
B1,2,parent,18_40,18,40,K1,B1,Y,11
C1,1,child,37_02,37,2,C1,H1,Y,11
D1,2,child,12_39,12,39,H1,D1,Y,11
E1,1,parent,52_03,52,3,E1,A1,N,11
F1,1,parent,43_09,43,9,F1,C1,Y,11
G1,1,child,52_08,52,8,E1,G1,Y,11
H1,2,child,36_39,36,39,C1,H1,Y,11
I1,1,child,73_08,73,8,I1,B1,Y,11
K1,2,parent,18_34,18,34,K1,B1,Y,11
A1,1,child,09_08,9,8,K1,A1,Y,12
B1,1,child,53_04,53,4,B1,D1,Y,12
C1,2,parent,46_32,46,32,I1,C1,N,12
D1,1,parent,61_07,61,7,K1,D1,Y,12
E1,2,child,09_33,9,33,I1,E1,Y,12
F1,2,child,11_39,11,39,F1,C1,Y,12
G1,2,parent,51_34,51,34,E1,G1,Y,12
H1,1,parent,57_09,57,9,H1,A1,Y,12
I1,2,parent,55_36,55,36,C1,I1,Y,12
K1,1,child,54_02,54,2,K1,F1,Y,12
A1,2,parent,57_38,57,38,A1,H1,Y,13
B1,2,parent,71_38,71,38,K1,B1,N,13
C1,1,child,36_10,36,10,C1,I1,Y,13
D1,2,child,38_31,38,31,D1,E1,N,13
E1,1,parent,28_05,28,5,E1,I1,Y,13
F1,1,parent,69_40,69,40,F1,C1,Y,13
G1,1,child,53_08,53,8,G1,E1,Y,13
H1,2,child,15_33,15,33,D1,H1,Y,13
I1,1,child,47_02,47,2,E1,I1,Y,13
K1,2,parent,75_38,75,38,K1,B1,Y,13
A1,1,child,16_06,16,6,A1,K1,Y,14
B1,1,child,07_04,7,4,K1,B1,Y,14
C1,2,parent,47_36,47,36,C1,I1,Y,14
D1,1,parent,37_03,37,3,F1,D1,Y,14
E1,1,child,27_02,27,2,I1,E1,Y,14
F1,2,child,54_35,54,35,K1,F1,Y,14
G1,2,parent,39_34,39,34,G1,E1,Y,14
H1,1,parent,21_07,21,7,H1,D1,Y,14
I1,2,parent,47_40,47,40,I1,A1,Y,14
K1,2,child,73_31,73,31,K1,D1,Y,14
A1,2,parent,07_38,7,38,K1,A1,Y,15
B1,2,parent,36_32,36,32,B1,C1,Y,15
C1,1,parent,43_07,43,7,C1,H1,Y,15
D1,2,child,43_39,43,39,D1,E1,Y,15
E1,2,child,68_37,68,37,A1,E1,N,15
F1,1,parent,17_01,17,1,C1,F1,Y,15
G1,1,parent,75_05,75,5,D1,G1,Y,15
H1,2,child,14_31,14,31,H1,A1,Y,15
I1,1,child,43_10,43,10,I1,C1,Y,15
K1,1,child,18_04,18,4,K1,A1,Y,15
A1,2,parent,58_40,58,40,I1,A1,Y,16
B1,2,child,13_39,13,39,C1,B1,Y,16
C1,1,child,21_06,21,6,C1,A1,N,16
D1,1,parent,46_07,46,7,D1,F1,Y,16
E1,1,parent,35_07,35,7,B1,E1,Y,16
F1,2,child,57_39,57,39,C1,F1,Y,16
G1,1,child,44_06,44,6,D1,G1,Y,16
H1,1,parent,74_01,74,1,H1,A1,Y,16
I1,2,parent,64_32,64,32,C1,I1,Y,16
K1,2,parent,31_38,31,38,D1,K1,Y,16
A1,1,parent,17_07,17,7,A1,K1,Y,17
B1,1,child,68_06,68,6,I1,B1,Y,17
C1,2,parent,38_32,38,32,C1,A1,Y,17
D1,2,child,27_39,27,39,F1,D1,Y,17
E1,1,child,15_06,15,6,E1,B1,N,17
F1,2,parent,53_40,53,40,K1,F1,Y,17
G1,2,parent,61_32,61,32,G1,C1,Y,17
H1,2,child,66_33,66,33,H1,A1,Y,17
I1,1,child,38_06,38,6,I1,A1,Y,17
K1,1,parent,28_09,28,9,A1,K1,Y,17
A1,1,child,07_08,7,8,A1,H1,Y,18
B1,2,parent,33_36,33,36,B1,K1,Y,18
C1,2,parent,20_40,20,40,A1,C1,Y,18
D1,2,parent,65_40,65,40,H1,D1,Y,18
E1,2,child,39_37,39,37,E1,H1,Y,18
F1,1,parent,39_01,39,1,F1,K1,Y,18
G1,1,parent,42_01,42,1,G1,D1,Y,18
H1,1,parent,55_03,55,3,A1,H1,Y,18
I1,2,parent,36_36,36,36,I1,E1,Y,18
K1,1,child,15_04,15,4,B1,K1,N,18
A1,2,parent,64_34,64,34,I1,A1,Y,19
B1,1,parent,52_05,52,5,D1,B1,Y,19
C1,1,parent,09_09,9,9,C1,I1,Y,19
D1,1,parent,26_07,26,7,D1,E1,Y,19
E1,1,parent,39_09,39,9,B1,E1,Y,19
F1,2,child,28_35,28,35,F1,B1,Y,19
G1,1,child,20_08,20,8,G1,E1,Y,19
H1,2,child,75_39,75,39,H1,D1,Y,19
I1,2,parent,74_40,74,40,I1,E1,Y,19
K1,2,parent,55_34,55,34,B1,K1,Y,19
A1,1,parent,20_05,20,5,A1,H1,Y,20
B1,1,child,48_08,48,8,B1,I1,Y,20
C1,1,child,10_04,10,4,C1,A1,Y,20
D1,2,child,61_31,61,31,E1,D1,Y,20
E1,1,child,67_06,67,6,E1,H1,Y,20
F1,2,parent,20_34,20,34,F1,G1,Y,20
G1,2,parent,12_40,12,40,E1,G1,Y,20
H1,2,parent,73_40,73,40,E1,H1,Y,20
I1,2,parent,28_32,28,32,C1,I1,Y,20
K1,1,parent,20_07,20,7,K1,A1,Y,20
A1,1,child,66_08,66,8,H1,A1,Y,21
B1,2,parent,47_38,47,38,C1,B1,Y,21
C1,2,parent,04_36,4,36,C1,E1,Y,21
D1,2,parent,18_36,18,36,D1,E1,Y,21
E1,2,child,49_37,49,37,E1,A1,Y,21
F1,2,parent,67_36,67,36,F1,C1,Y,21
G1,1,parent,04_07,4,7,K1,G1,Y,21
H1,1,parent,31_05,31,5,D1,H1,N,21
I1,1,parent,15_05,15,5,B1,I1,Y,21
K1,1,child,62_10,62,10,K1,D1,Y,21
A1,2,parent,10_34,10,34,A1,I1,Y,22
B1,2,parent,37_36,37,36,I1,B1,Y,22
C1,2,parent,45_40,45,40,C1,I1,Y,22
D1,2,parent,13_38,13,38,E1,D1,Y,22
E1,1,parent,05_09,5,9,E1,H1,N,22
F1,1,parent,73_05,73,5,F1,K1,N,22
G1,1,child,40_08,40,8,G1,K1,Y,22
H1,1,child,73_10,73,10,A1,H1,Y,22
I1,1,child,33_06,33,6,I1,E1,Y,22
K1,2,parent,58_36,58,36,K1,F1,Y,22
A1,1,parent,60_07,60,7,K1,A1,Y,23
B1,1,parent,13_03,13,3,B1,I1,Y,23
C1,1,parent,65_09,65,9,H1,C1,Y,23
D1,1,parent,43_05,43,5,F1,D1,Y,23
E1,1,child,38_10,38,10,E1,A1,Y,23
F1,2,child,43_31,43,31,F1,K1,Y,23
G1,2,parent,48_32,48,32,D1,G1,Y,23
H1,2,child,42_39,42,39,D1,H1,Y,23
I1,2,parent,61_40,61,40,I1,A1,Y,23
K1,2,parent,33_40,33,40,K1,D1,Y,23
A1,1,child,64_10,64,10,H1,A1,Y,24
B1,1,child,12_06,12,6,D1,B1,Y,24
C1,1,child,62_02,62,2,A1,C1,Y,24
D1,2,child,71_31,71,31,D1,H1,Y,24
E1,2,child,13_31,13,31,I1,E1,Y,24
F1,2,parent,35_40,35,40,C1,F1,Y,24
G1,2,parent,35_34,35,34,E1,G1,Y,24
H1,2,parent,17_32,17,32,H1,A1,Y,24
I1,1,parent,05_07,5,7,I1,E1,Y,24
K1,1,parent,14_07,14,7,B1,K1,Y,24
A1,2,parent,21_34,21,34,K1,A1,Y,25
B1,2,parent,54_32,54,32,C1,B1,Y,25
C1,2,parent,73_32,73,32,C1,I1,Y,25
D1,2,parent,31_36,31,36,D1,K1,Y,25
E1,2,parent,48_34,48,34,E1,A1,Y,25
F1,1,parent,30_09,30,9,C1,F1,N,25
G1,1,parent,54_01,54,1,G1,D1,Y,25
H1,1,parent,12_01,12,1,A1,H1,Y,25
I1,1,child,75_10,75,10,I1,A1,Y,25
K1,1,child,71_08,71,8,K1,F1,Y,25
A1,2,parent,61_38,61,38,A1,I1,Y,26
B1,2,parent,55_32,55,32,I1,B1,Y,26
C1,2,parent,16_36,16,36,C1,H1,Y,26
D1,1,parent,75_03,75,3,D1,E1,Y,26
E1,1,parent,47_03,47,3,E1,H1,N,26
F1,1,child,60_02,60,2,G1,F1,Y,26
G1,1,child,43_06,43,6,G1,D1,Y,26
H1,1,child,39_06,39,6,H1,E1,Y,26
I1,2,parent,10_40,10,40,C1,I1,Y,26
K1,2,parent,71_36,71,36,D1,K1,Y,26
A1,1,parent,26_09,26,9,H1,A1,Y,27
B1,1,parent,72_09,72,9,B1,K1,Y,27
C1,1,parent,32_09,32,9,C1,I1,Y,27
D1,1,child,50_10,50,10,H1,D1,Y,27
E1,1,child,65_04,65,4,I1,E1,Y,27
F1,2,child,34_31,34,31,F1,G1,Y,27
G1,2,parent,74_32,74,32,D1,G1,Y,27
H1,2,child,21_31,21,31,C1,H1,N,27
I1,2,parent,57_32,57,32,I1,E1,Y,27
K1,2,parent,54_40,54,40,A1,K1,Y,27
A1,1,child,15_02,15,2,I1,A1,N,28
B1,1,child,57_10,57,10,C1,B1,Y,28
C1,1,child,46_08,46,8,H1,C1,Y,28
D1,2,child,30_35,30,35,K1,D1,Y,28
E1,2,child,30_33,30,33,E1,H1,Y,28
F1,2,parent,10_36,10,36,F1,C1,Y,28
G1,2,parent,17_38,17,38,E1,G1,Y,28
H1,2,parent,39_32,39,32,D1,H1,Y,28
I1,1,parent,53_01,53,1,A1,I1,Y,28
K1,1,parent,17_09,17,9,B1,K1,Y,28
A1,2,parent,68_32,68,32,H1,A1,Y,29
B1,2,parent,21_32,21,32,I1,B1,Y,29
C1,2,parent,51_32,51,32,E1,C1,Y,29
D1,2,parent,15_38,15,38,K1,D1,Y,29
E1,2,parent,04_38,4,38,I1,E1,Y,29
F1,1,parent,09_03,9,3,K1,F1,Y,29
G1,1,parent,07_07,7,7,C1,G1,Y,29
H1,1,parent,46_01,46,1,H1,E1,N,29
I1,1,child,20_06,20,6,C1,I1,Y,29
K1,1,child,33_10,33,10,K1,B1,Y,29
A1,2,parent,39_36,39,36,A1,H1,Y,30
B1,2,parent,48_38,48,38,K1,B1,Y,30
C1,2,parent,07_32,7,32,C1,I1,Y,30
D1,1,parent,59_09,59,9,D1,E1,N,30
E1,1,parent,51_03,51,3,A1,E1,Y,30
F1,1,child,15_08,15,8,F1,C1,Y,30
G1,1,child,66_04,66,4,G1,D1,Y,30
H1,1,child,67_08_b,8,8,C1,H1,Y,30
I1,2,parent,26_34,26,34,I1,B1,Y,30
K1,2,parent,38_36,38,36,K1,B1,Y,30
A1,1,parent,34_05,34,5,D1,A1,Y,31
B1,1,parent,15_07,15,7,C1,B1,Y,31
C1,1,parent,42_07,42,7,A1,C1,Y,31
D1,1,child,58_10,58,10,D1,H1,Y,31
E1,1,child,59_02,59,2,A1,E1,N,31
F1,2,child,45_39,45,39,F1,G1,Y,31
G1,2,parent,43_32,43,32,G1,C1,Y,31
H1,2,child,38_37,38,37,C1,H1,N,31
I1,2,parent,38_40,38,40,I1,E1,Y,31
K1,2,parent,52_36,52,36,D1,K1,Y,31
A1,1,child,68_02,68,2,A1,I1,N,32
B1,1,child,36_02,36,2,B1,I1,Y,32
C1,1,child,27_06,27,6,I1,C1,Y,32
D1,2,child,45_35,45,35,E1,D1,Y,32
E1,2,child,05_31,5,31,E1,I1,Y,32
F1,2,parent,51_36,51,36,F1,C1,Y,32
G1,2,parent,65_32,65,32,K1,G1,Y,32
H1,2,parent,67_32,67,32,D1,H1,Y,32
I1,1,parent,14_09,14,9,I1,A1,Y,32
K1,1,parent,53_32,53,32,K1,F1,Y,32
A1,2,child,71_35,71,35,A1,D1,Y,33
B1,2,parent,68_38,68,38,B1,D1,Y,33
C1,2,parent,30_36,30,36,I1,C1,Y,33
D1,2,parent,69_34,69,34,F1,D1,Y,33
E1,2,parent,07_36,7,36,H1,E1,Y,33
F1,1,parent,12_09,12,9,F1,C1,N,33
G1,1,parent,56_03,56,3,G1,E1,N,33
H1,1,parent,62_07,62,7,C1,H1,Y,33
I1,1,child,54_37,54,37,C1,I1,Y,33
K1,1,child,49_04,49,4,F1,K1,Y,33
A1,2,parent,09_38,9,38,A1,D1,Y,34
B1,2,parent,57_40,57,40,B1,I1,Y,34
C1,2,parent,11_40,11,40,C1,H1,Y,34
D1,1,parent,20_03,20,3,E1,D1,Y,34
E1,1,parent,69_01,69,1,B1,E1,Y,34
F1,1,child,32_10,32,10,F1,K1,Y,34
G1,1,child,59_08,59,8,G1,K1,Y,34
H1,1,child,72_10,72,10,E1,H1,Y,34
I1,2,parent,12_34,12,34,A1,I1,Y,34
K1,2,parent,43_38,43,38,K1,D1,Y,34
A1,1,parent,74_05,74,5,K1,A1,Y,35
B1,1,parent,49_09,49,9,B1,K1,Y,35
C1,1,parent,17_05,17,5,E1,C1,Y,35
D1,1,child,31_04,31,4,F1,D1,Y,35
E1,1,child,70_10,70,10,E1,H1,Y,35
F1,2,child,09_31,9,31,B1,F1,Y,35
G1,2,parent,20_32,20,32,G1,K1,Y,35
H1,2,child,48_31,48,31,H1,C1,Y,35
I1,2,parent,33_32,33,32,I1,C1,Y,35
K1,2,parent,09_32,9,32,B1,K1,Y,35
A1,1,child,27_08,27,8,K1,A1,Y,36
B1,1,child,64_04,64,4,C1,B1,Y,36
C1,1,child,50_02,50,2,C1,I1,Y,36
D1,2,child,09_35,9,35,H1,D1,Y,36
E1,2,child,28_39,28,39,E1,A1,N,36
F1,2,parent,62_38,62,38,F1,G1,Y,36
G1,2,parent,33_38,33,38,K1,G1,Y,36
H1,2,parent,16_38,16,38,D1,H1,Y,36
I1,1,parent,71_07,71,7,A1,I1,Y,36
K1,1,parent,51_01,51,1,A1,K1,Y,36
A1,2,child,72_39,72,39,H1,A1,Y,37
B1,2,parent,56_36,56,36,D1,B1,Y,37
C1,2,parent,55_40,55,40,C1,E1,Y,37
D1,2,parent,73_34,73,34,F1,D1,Y,37
E1,2,parent,11_32,11,32,E1,I1,Y,37
F1,1,parent,45_07,45,7,F1,C1,Y,37
G1,1,parent,31_01,31,1,C1,G1,N,37
H1,1,parent,42_03,42,3,H1,A1,Y,37
I1,1,child,69_10,69,10,A1,I1,Y,37
K1,1,child,35_08,35,8,D1,K1,Y,37
A1,2,parent,30_40,30,40,A1,K1,Y,38
B1,2,parent,14_40,14,40,B1,C1,Y,38
C1,2,parent,56_40,56,40,H1,C1,Y,38
D1,1,parent,40_03,40,3,D1,E1,Y,38
E1,1,parent,71_01,71,1,H1,E1,Y,38
F1,1,child,38_02,38,2,G1,F1,N,38
G1,1,child,09_02,9,2,G1,K1,Y,38
H1,1,child,33_33,33,33,H1,E1,Y,38
I1,2,parent,13_40,13,40,I1,E1,Y,38
K1,2,parent,07_34,7,34,K1,F1,Y,38
A1,1,parent,70_05,70,5,K1,A1,Y,39
B1,1,parent,10_07,10,7,B1,K1,Y,39
C1,1,parent,58_05,58,5,C1,E1,Y,39
D1,1,child,15_10,15,10,E1,D1,Y,39
E1,1,child,64_02,64,2,B1,E1,N,39
F1,2,child,46_39,46,39,B1,F1,Y,39
G1,2,child,54_31,54,31,G1,C1,Y,39
H1,2,child,74_39,74,39,E1,H1,Y,39
I1,2,parent,72_34,72,34,I1,A1,Y,39
K1,2,parent,47_32,47,32,K1,B1,Y,39
A1,1,child,49_02,49,2,I1,A1,Y,40
B1,1,child,69_06,69,6,D1,B1,Y,40
C1,1,child,30_08,30,8,E1,C1,Y,40
D1,2,child,47_37,47,37,D1,K1,Y,40
E1,2,child,47_35,47,35,B1,E1,Y,40
F1,2,parent,59_34,59,34,F1,G1,Y,40
G1,2,parent,70_32,70,32,E1,G1,Y,40
H1,2,parent,05_38,5,38,H1,C1,Y,40
I1,1,parent,65_01,65,1,B1,I1,Y,40
K1,1,parent,74_09,74,9,F1,K1,Y,40
A1,2,child,43_33,43,33,H1,A1,Y,41
B1,2,child,70_37,70,37,B1,K1,Y,41
C1,2,child,49_35,49,35,C1,A1,Y,41
D1,2,parent,67_38,67,38,D1,H1,N,41
E1,2,parent,20_38,20,38,E1,H1,Y,41
F1,1,parent,65_05,65,5,B1,F1,Y,41
G1,1,parent,18_01,18,1,C1,G1,N,41
H1,1,parent,54_03,54,3,H1,D1,Y,41
I1,1,child,17_06,17,6,I1,C1,Y,41
K1,1,child,52_10,52,10,B1,K1,Y,41
A1,2,parent,40_34,40,34,I1,A1,Y,42
B1,2,parent,53_34,53,34,B1,K1,Y,42
C1,2,parent,70_38,70,38,H1,C1,Y,42
D1,1,parent,45_03,45,3,D1,F1,Y,42
E1,1,parent,50_09,50,9,E1,I1,Y,42
F1,1,child,13_10,13,10,B1,F1,Y,42
G1,1,child,39_02,39,2,K1,G1,Y,42
H1,1,child,34_08,34,8,A1,H1,Y,42
I1,2,child,60_31,60,31,I1,B1,Y,42
K1,2,parent,66_38,66,38,K1,F1,Y,42
A1,1,parent,43_03,43,3,A1,K1,Y,43
B1,1,parent,62_03,62,3,K1,B1,Y,43
C1,1,parent,48_03,48,3,C1,H1,Y,43
D1,1,child,32_04,32,4,D1,H1,Y,43
E1,1,child,14_02,14,2,H1,E1,Y,43
F1,2,child,36_33,36,33,F1,K1,Y,43
G1,2,child,58_37,58,37,G1,C1,Y,43
H1,2,child,12_33,12,33,D1,H1,Y,43
I1,2,parent,45_34,45,34,I1,E1,Y,43
K1,2,parent,60_34,60,34,K1,A1,Y,43
A1,1,child,10_10,10,10,H1,A1,Y,44
B1,1,child,04_06,4,6,C1,B1,Y,44
C1,1,child,71_06,71,6,A1,C1,Y,44
D1,2,child,21_33,21,33,D1,E1,N,44
E1,2,child,71_39,71,39,I1,E1,N,44
F1,2,parent,04_32,4,32,F1,G1,Y,44
G1,2,parent,60_32,60,32,C1,G1,Y,44
H1,2,parent,34_34,34,34,H1,E1,Y,44
I1,1,parent,35_05,35,5,C1,I1,Y,44
K1,1,parent,05_03,5,3,K1,D1,Y,44
A1,2,child,26_31,26,31,A1,D1,Y,45
B1,2,child,31_31,31,31,B1,K1,Y,45
C1,2,child,34_35,34,35,I1,C1,Y,45
D1,2,parent,17_36,17,36,K1,D1,Y,45
E1,2,parent,12_32,12,32,H1,E1,Y,45
F1,1,parent,66_01,66,1,B1,F1,Y,45
G1,1,parent,68_09,68,9,G1,D1,Y,45
H1,1,parent,69_07,69,7,H1,E1,Y,45
I1,1,child,42_08,42,8,A1,I1,Y,45
K1,1,child,07_06,7,6,A1,K1,Y,45
A1,2,parent,16_34,16,34,H1,A1,Y,46
B1,2,parent,30_38,30,38,B1,K1,Y,46
C1,2,parent,27_36,27,36,C1,A1,Y,46
D1,1,parent,10_03,10,3,D1,F1,Y,46
E1,1,parent,56_01,56,1,E1,B1,Y,46
F1,1,child,10_08,10,8,K1,F1,Y,46
G1,1,child,35_04,35,4,D1,G1,Y,46
H1,1,child,45_08,45,8,H1,E1,Y,46
I1,2,child,32_39,32,39,A1,I1,Y,46
K1,2,parent,37_34,37,34,K1,D1,Y,46
A1,1,parent,35_01,35,1,H1,A1,Y,47
B1,1,parent,65_03,65,3,K1,B1,Y,47
C1,1,parent,44_05,44,5,C1,A1,Y,47
D1,1,child,65_02,65,2,E1,D1,Y,47
E1,1,child,26_06,26,6,B1,E1,Y,47
F1,2,child,55_35,55,35,G1,F1,Y,47
G1,2,child,10_33,10,33,G1,C1,Y,47
H1,2,child,64_39,64,39,A1,H1,Y,47
I1,2,parent,66_32,66,32,I1,C1,Y,47
K1,2,parent,72_38,72,38,A1,K1,Y,47
A1,1,child,21_08,21,8,D1,A1,Y,48
B1,1,child,44_08,44,8,K1,B1,Y,48
C1,1,child,73_04,73,4,C1,H1,Y,48
D1,2,child,46_31,46,31,D1,E1,Y,48
E1,2,child,72_35,72,35,A1,E1,Y,48
F1,2,parent,31_32,31,32,F1,K1,Y,48
G1,2,parent,21_36,21,36,D1,G1,Y,48
H1,2,parent,27_38,27,38,H1,E1,Y,48
I1,1,parent,30_05,30,5,B1,I1,Y,48
K1,1,parent,67_05,67,5,A1,K1,Y,48
A1,2,child,31_37,31,37,D1,A1,Y,49
B1,2,child,51_35,51,35,I1,B1,Y,49
C1,2,child,65_39,65,39,C1,I1,Y,49
D1,2,parent,34_40,34,40,K1,D1,Y,49
E1,2,parent,75_40,75,40,H1,E1,Y,49
F1,1,parent,18_03,18,3,C1,F1,Y,49
G1,1,parent,27_07,27,7,G1,D1,Y,49
H1,1,parent,65_07,65,7,H1,E1,N,49
I1,1,child,45_10,45,10,B1,I1,Y,49
K1,1,child,38_04,38,4,D1,K1,Y,49
A1,2,child,60_37,60,37,H1,A1,Y,50
B1,2,parent,11_38,11,38,B1,I1,Y,50
C1,2,parent,21_40,21,40,C1,I1,Y,50
D1,1,parent,35_32,35,32,D1,H1,Y,50
E1,1,parent,13_09,13,9,H1,E1,Y,50
F1,1,child,53_02,53,2,B1,F1,Y,50
G1,1,child,12_02,12,2,G1,C1,N,50
H1,1,child,60_08,60,8,A1,H1,N,50
I1,2,child,40_35,40,35,I1,E1,Y,50
K1,2,child,74_35,74,35,K1,B1,Y,50
A1,1,child,46_04,46,4,A1,H1,Y,51
B1,1,parent,42_05,42,5,B1,K1,Y,51
C1,1,parent,26_01,26,1,H1,C1,Y,51
D1,1,child,55_08,55,8,D1,K1,Y,51
E1,1,child,48_06,48,6,E1,B1,N,51
F1,2,child,71_37,71,37,B1,F1,Y,51
G1,2,child,73_39,73,39,K1,G1,Y,51
H1,2,child,35_31,35,31,H1,A1,Y,51
I1,2,parent,49_32,49,32,A1,I1,Y,51
K1,2,parent,26_40,26,40,F1,K1,Y,51
A1,1,parent,42_09,42,9,A1,D1,Y,52
B1,1,child,43_04,43,4,B1,D1,Y,52
C1,1,child,66_10,66,10,C1,I1,Y,52
D1,2,child,53_37,53,37,K1,D1,Y,52
E1,2,child,17_33,17,33,E1,B1,N,52
F1,2,parent,42_40,42,40,F1,K1,Y,52
G1,2,parent,50_40,50,40,G1,K1,Y,52
H1,2,parent,44_40,44,40,D1,H1,Y,52
I1,1,parent,62_09,62,9,C1,I1,Y,52
K1,1,parent,48_09,48,9,K1,A1,Y,52
A1,2,child,20_33,20,33,A1,I1,Y,53
B1,2,child,61_33,61,33,B1,D1,Y,53
C1,2,child,61_37,61,37,E1,C1,Y,53
D1,2,parent,05_36,5,36,F1,D1,Y,53
E1,2,parent,73_38,73,38,E1,A1,Y,53
F1,1,parent,44_07,44,7,B1,F1,Y,53
G1,1,parent,13_05,13,5,D1,G1,Y,53
H1,1,parent,14_05,14,5,H1,E1,Y,53
I1,1,child,66_06,66,6,A1,I1,Y,53
K1,1,child,66_02,66,2,K1,D1,Y,53
A1,2,child,35_37,35,37,K1,A1,Y,54
B1,2,parent,43_36,43,36,B1,K1,Y,54
C1,2,parent,74_38,74,38,I1,C1,N,54
D1,1,parent,60_03,60,3,H1,D1,Y,54
E1,1,parent,68_03,68,3,E1,H1,Y,54
F1,1,child,16_37,16,37,F1,K1,Y,54
G1,1,child,21_04,21,4,C1,G1,Y,54
H1,1,child,26_10,26,10,C1,H1,Y,54
I1,2,child,59_31,59,31,E1,I1,Y,54
K1,2,child,28_31,28,31,D1,K1,N,54
A1,1,child,28_10,28,10,A1,H1,Y,55
B1,1,parent,45_01,45,1,C1,B1,Y,55
C1,1,parent,67_01,67,1,I1,C1,Y,55
D1,1,child,05_10,5,10,D1,E1,Y,55
E1,1,child,04_04,4,4,E1,B1,Y,55
F1,2,child,50_37,50,37,K1,F1,Y,55
G1,2,child,37_33,37,33,G1,K1,Y,55
H1,2,child,50_39,50,39,H1,D1,Y,55
I1,2,parent,44_36,44,36,I1,A1,Y,55
K1,2,parent,30_32,30,32,K1,F1,N,55
A1,1,parent,31_03,31,3,I1,A1,Y,56
B1,1,child,33_04,33,4,B1,D1,Y,56
C1,1,child,18_02,18,2,H1,C1,N,56
D1,2,child,48_37,48,37,D1,K1,Y,56
E1,2,child,52_31,52,31,E1,H1,Y,56
F1,2,parent,37_40,37,40,F1,B1,Y,56
G1,2,parent,40_38,40,38,E1,G1,N,56
H1,2,parent,70_34,70,34,H1,E1,Y,56
I1,1,parent,46_05,46,5,A1,I1,Y,56
K1,1,parent,69_05,69,5,K1,A1,Y,56
A1,2,child,55_39,55,39,A1,I1,Y,57
B1,2,child,15_35,15,35,K1,B1,N,57
C1,2,child,48_39,48,39,I1,C1,Y,57
D1,2,parent,32_38,32,38,D1,E1,Y,57
E1,2,parent,45_32,45,32,H1,E1,Y,57
F1,1,parent,54_05,54,5,F1,C1,Y,57
G1,1,parent,72_01,72,1,K1,G1,N,57
H1,1,parent,13_07,13,7,H1,A1,Y,57
I1,1,child,36_04,36,4,B1,I1,Y,57
K1,1,child,31_08,31,8,K1,B1,Y,57
A1,2,child,44_37,44,37,K1,A1,Y,58
B1,2,parent,32_32,32,32,B1,I1,Y,58
C1,2,parent,37_32,37,32,C1,I1,Y,58
D1,1,parent,36_07,36,7,E1,D1,Y,58
E1,1,parent,33_05,33,5,E1,B1,Y,58
F1,1,child,04_10,4,10,F1,K1,Y,58
G1,1,child,49_08,49,8,E1,G1,Y,58
H1,1,child,58_04,58,4,H1,A1,Y,58
I1,2,child,62_33,62,33,B1,I1,Y,58
K1,2,child,64_35,64,35,A1,K1,Y,58
A1,1,child,48_02,48,2,D1,A1,Y,59
B1,1,parent,40_05,40,5,B1,I1,Y,59
C1,1,parent,31_09,31,9,H1,C1,Y,59
D1,1,child,28_08,28,8,H1,D1,N,59
E1,1,child,75_06,75,6,E1,A1,Y,59
F1,2,child,75_31,75,31,F1,G1,Y,59
G1,2,child,04_33,4,33,G1,C1,Y,59
H1,2,child,68_39,68,39,D1,H1,Y,59
I1,2,parent,42_36,42,36,B1,I1,Y,59
K1,2,parent,62_36,62,36,K1,B1,Y,59
A1,1,parent,56_09,56,9,H1,A1,Y,60
B1,1,child,56_04,56,4,B1,K1,Y,60
C1,1,child,07_02,7,2,C1,E1,Y,60
D1,2,child,04_37,4,37,D1,K1,Y,60
E1,2,child,36_35,36,35,E1,B1,Y,60
F1,2,parent,32_40,32,40,F1,C1,N,60
G1,2,parent,14_32,14,32,K1,G1,Y,60
H1,2,parent,09_40,9,40,D1,H1,Y,60
I1,1,parent,40_09,40,9,B1,I1,Y,60
K1,1,parent,27_40,27,40,D1,K1,Y,60
A1,2,parent,13_32,13,32,I1,A1,Y,61
B1,2,child,26_37,26,37,I1,B1,Y,61
C1,2,child,31_35,31,35,E1,C1,Y,61
D1,2,parent,56_32,56,32,D1,F1,Y,61
E1,2,parent,57_34,57,34,E1,A1,Y,61
F1,1,parent,56_05,56,5,F1,K1,N,61
G1,1,parent,16_03,16,3,D1,G1,Y,61
H1,1,parent,64_09,64,9,C1,H1,Y,61
I1,1,child,61_02,61,2,B1,I1,Y,61
K1,1,child,37_08,37,8,F1,K1,Y,61
A1,2,parent,46_40,46,40,I1,A1,Y,62
B1,2,parent,12_36,12,36,C1,B1,Y,62
C1,2,parent,40_32,40,32,C1,A1,Y,62
D1,1,parent,44_09,44,9,E1,D1,Y,62
E1,1,parent,10_01,10,1,A1,E1,Y,62
F1,1,child,40_06,40,6,F1,C1,Y,62
G1,1,child,57_04,57,4,E1,G1,Y,62
H1,1,child,30_02,30,2,H1,D1,Y,62
I1,2,child,15_31,15,31,I1,E1,Y,62
K1,2,child,45_31,45,31,K1,B1,Y,62
A1,1,parent,47_09,47,9,A1,K1,Y,63
B1,1,parent,20_01,20,1,C1,B1,Y,63
C1,1,parent,35_09,35,9,C1,H1,N,63
D1,1,child,69_02,69,2,K1,D1,Y,63
E1,1,child,45_06,45,6,I1,E1,Y,63
F1,2,child,66_39,66,39,C1,F1,Y,63
G1,2,child,56_33,56,33,G1,C1,N,63
H1,2,child,55_33,55,33,H1,D1,Y,63
I1,2,parent,20_36,20,36,A1,I1,Y,63
K1,2,parent,35_36,35,36,A1,K1,Y,63
A1,1,child,65_08,65,8,I1,A1,Y,64
B1,1,child,74_04,74,4,C1,B1,Y,64
C1,1,child,40_02,40,2,H1,C1,Y,64
D1,2,child,66_37,66,37,D1,H1,Y,64
E1,2,child,16_31,16,31,E1,B1,Y,64
F1,2,parent,58_34,58,34,B1,F1,Y,64
G1,2,parent,69_32,69,32,D1,G1,Y,64
H1,2,parent,60_40,60,40,D1,H1,Y,64
I1,1,parent,52_07,52,7,E1,I1,Y,64
K1,1,parent,10_05,10,5,D1,K1,Y,64
A1,2,parent,51_38,51,38,I1,A1,Y,65
B1,2,child,20_37,20,37,I1,B1,Y,65
C1,2,child,15_39,15,39,C1,I1,Y,65
D1,2,parent,42_34,42,34,D1,K1,Y,65
E1,2,parent,42_38,42,38,I1,E1,Y,65
F1,1,parent,70_09,70,9,G1,F1,Y,65
G1,1,parent,38_09,38,9,G1,D1,Y,65
H1,1,parent,38_05,38,5,D1,H1,Y,65
I1,1,child,51_08,51,8,A1,I1,Y,65
K1,1,child,16_04,16,4,K1,F1,N,65
A1,2,parent,37_38,37,38,H1,A1,Y,66
B1,2,parent,60_36,60,36,C1,B1,Y,66
C1,2,parent,62_32,62,32,C1,I1,Y,66
D1,1,parent,49_07,49,7,F1,D1,Y,66
E1,1,parent,55_07,55,7,A1,E1,Y,66
F1,1,child,35_10,35,10,F1,K1,Y,66
G1,1,child,62_04,62,4,C1,G1,Y,66
H1,1,child,05_06,5,6,E1,H1,Y,66
I1,2,child,52_33,52,33,A1,I1,Y,66
K1,2,child,61_39,61,39,D1,K1,Y,66
A1,1,parent,73_07,73,7,D1,A1,Y,67
B1,1,parent,34_01,34,1,B1,D1,Y,67
C1,1,parent,69_09,69,9,I1,C1,N,67
D1,1,child,42_06,42,6,D1,E1,Y,67
E1,1,child,43_08,43,8,I1,E1,Y,67
F1,2,child,65_35,65,35,F1,K1,Y,67
G1,2,child,13_37,13,37,G1,K1,Y,67
H1,2,child,28_33,28,33,E1,H1,N,67
I1,2,parent,73_36,73,36,I1,E1,Y,67
K1,2,parent,34_38,34,38,K1,D1,Y,67
A1,1,child,37_10,37,10,K1,A1,Y,68
B1,1,child,50_06,50,6,K1,B1,Y,68
C1,1,child,20_02,20,2,C1,E1,Y,68
D1,2,child,60_39,60,39,D1,E1,Y,68
E1,2,child,56_31,56,31,E1,I1,Y,68
F1,2,parent,13_34,13,34,F1,K1,Y,68
G1,2,parent,28_38,28,38,G1,K1,Y,68
H1,2,parent,11_34,11,34,C1,H1,Y,68
I1,1,parent,04_03,4,3,B1,I1,Y,68
K1,1,parent,39_05,39,5,B1,K1,Y,68
A1,2,parent,14_36,14,36,D1,A1,Y,69
B1,2,child,62_39,62,39,B1,D1,Y,69
C1,2,child,57_35,57,35,I1,C1,Y,69
D1,2,parent,68_36,68,36,K1,D1,Y,69
E1,2,parent,26_38,26,38,I1,E1,Y,69
F1,1,parent,21_09,21,9,F1,B1,Y,69
G1,1,parent,30_01,30,1,C1,G1,Y,69
H1,1,parent,51_07,51,7,E1,H1,Y,69
I1,1,child,28_02,28,2,E1,I1,N,69
K1,1,child,36_08,36,8,D1,K1,Y,69
A1,2,parent,45_38,45,38,A1,H1,Y,70
B1,2,parent,50_34,50,34,I1,B1,Y,70
C1,2,parent,39_38,39,38,C1,E1,Y,70
D1,1,parent,14_01,14,1,F1,D1,Y,70
E1,1,parent,16_01,16,1,H1,E1,Y,70
F1,1,child,61_06,61,6,C1,F1,Y,70
G1,1,child,50_08,50,8,C1,G1,Y,70
H1,1,child,71_02,71,2,H1,E1,Y,70
I1,2,child,65_31,65,31,C1,I1,Y,70
K1,2,child,50_31,50,31,K1,A1,Y,70
A1,1,parent,38_07,38,7,A1,H1,N,71
B1,1,parent,27_01,27,1,B1,C1,Y,71
C1,1,parent,49_01,49,1,C1,E1,Y,71
D1,1,child,54_10,54,10,K1,D1,Y,71
E1,1,child,12_10,12,10,A1,E1,N,71
F1,2,child,44_33,44,33,F1,G1,Y,71
G1,2,child,11_37,11,37,K1,G1,Y,71
H1,2,child,51_31,51,31,H1,D1,Y,71
I1,2,parent,75_34,75,34,C1,I1,Y,71
K1,2,parent,68_34,68,34,B1,K1,Y,71
A1,1,child,39_10,39,10,D1,A1,Y,72
B1,1,child,38_39,38,39,B1,D1,Y,72
C1,1,child,16_10,16,10,C1,E1,N,72
D1,2,child,44_35,44,35,D1,H1,Y,72
E1,2,child,35_39,35,39,E1,H1,Y,72
F1,2,parent,47_34,47,34,C1,F1,Y,72
G1,2,parent,62_34,62,34,G1,E1,Y,72
H1,2,parent,10_32,10,32,C1,H1,Y,72
I1,1,parent,32_01,32,1,E1,I1,Y,72
K1,1,parent,64_07,64,7,K1,B1,Y,72
A1,2,child,70_33,70,33,D1,A1,Y,73
B1,2,child,49_39,49,39,C1,B1,Y,73
C1,2,child,17_37,17,37,C1,H1,N,73
D1,2,parent,16_32,16,32,D1,H1,Y,73
E1,2,parent,67_40,67,40,I1,E1,Y,73
F1,1,parent,28_03,28,3,F1,G1,Y,73
G1,1,parent,32_05,32,5,G1,D1,Y,73
H1,1,parent,32_03,32,3,C1,H1,Y,73
I1,1,child,13_08,13,8,I1,A1,Y,73
K1,1,child,12_08,12,8,K1,A1,Y,73
A1,2,parent,28_40,28,40,A1,I1,Y,74
B1,2,parent,17_34,17,34,C1,B1,Y,74
C1,2,parent,71_34,71,34,I1,C1,Y,74
D1,1,parent,64_05,64,5,D1,K1,Y,74
E1,1,parent,54_34,54,34,E1,H1,Y,74
F1,1,child,58_02,58,2,F1,K1,N,74
G1,1,child,65_06,65,6,D1,G1,Y,74
H1,1,child,44_10,44,10,H1,A1,Y,74
I1,2,child,04_39,4,39,I1,A1,Y,74
K1,2,child,20_35,20,35,D1,K1,Y,74
A1,1,parent,67_09,67,9,H1,A1,Y,75
B1,1,parent,66_09,66,9,I1,B1,Y,75
C1,1,parent,13_36,13,36,A1,C1,Y,75
D1,1,child,11_35,11,35,H1,D1,Y,75
E1,1,child,46_02,46,2,E1,H1,Y,75
F1,2,child,73_37,73,37,F1,C1,Y,75
G1,2,child,30_39,30,39,G1,K1,Y,75
H1,2,child,53_39,53,39,D1,H1,Y,75
I1,2,parent,39_40,39,40,I1,C1,Y,75
K1,2,parent,15_36,15,36,K1,F1,Y,75
A1,1,child,14_08,14,8,A1,H1,Y,76
B1,1,child,55_02,55,2,B1,K1,Y,76
C1,1,child,45_02,45,2,C1,A1,Y,76
D1,2,child,40_31,40,31,D1,H1,Y,76
E1,2,child,33_39,33,39,E1,I1,Y,76
F1,2,parent,15_34,15,34,B1,F1,Y,76
G1,2,parent,46_34,46,34,G1,D1,Y,76
H1,2,parent,26_36,26,36,D1,H1,Y,76
I1,1,parent,21_03,21,3,I1,B1,Y,76
K1,1,parent,40_01,40,1,A1,K1,Y,76
A1,2,child,75_35,75,35,A1,I1,Y,77
B1,2,child,73_33,73,33,B1,C1,Y,77
C1,2,child,60_33,60,33,E1,C1,Y,77
D1,2,parent,58_32,58,32,F1,D1,Y,77
E1,2,parent,38_38,38,38,E1,B1,Y,77
F1,1,parent,11_07,11,7,F1,G1,Y,77
G1,1,parent,11_05,11,5,G1,E1,Y,77
H1,1,parent,43_01,43,1,C1,H1,Y,77
I1,1,child,10_06,10,6,I1,E1,Y,77
K1,1,child,68_08,68,8,K1,A1,Y,77
A1,2,parent,54_36,54,36,K1,A1,Y,78
B1,2,parent,07_40,7,40,B1,C1,Y,78
C1,2,parent,28_34,28,34,C1,E1,Y,78
D1,1,parent,39_07,39,7,D1,E1,Y,78
E1,1,parent,37_09,37,9,E1,A1,Y,78
F1,1,child,37_04,37,4,F1,G1,Y,78
G1,1,child,14_06,14,6,G1,D1,Y,78
H1,1,child,11_08,11,8,H1,A1,Y,78
I1,2,child,16_33,16,33,B1,I1,Y,78
K1,2,child,04_35,4,35,A1,K1,Y,78
A1,1,parent,62_05,62,5,A1,K1,Y,79
B1,1,parent,26_05,26,5,C1,B1,Y,79
C1,1,parent,14_03,14,3,C1,H1,Y,79
D1,1,child,70_06,70,6,D1,H1,Y,79
E1,1,child,62_06,62,6,A1,E1,Y,79
F1,2,child,64_33,64,33,C1,F1,Y,79
G1,2,child,15_37,15,37,G1,C1,N,79
H1,2,child,69_31,69,31,H1,A1,Y,79
I1,2,parent,43_34,43,34,E1,I1,Y,79
K1,2,parent,21_38,21,38,K1,B1,Y,79
A1,1,child,04_08,4,8,A1,I1,Y,80
B1,1,child,32_02,32,2,B1,D1,Y,80
C1,1,child,75_08,75,8,H1,C1,Y,80
D1,2,child,39_33,39,33,D1,F1,Y,80
E1,2,child,51_33,51,33,E1,H1,Y,80
F1,2,parent,40_40,40,40,F1,K1,Y,80
G1,2,parent,64_38,64,38,C1,G1,Y,80
H1,2,parent,30_34,30,34,H1,E1,Y,80
I1,1,parent,27_03,27,3,I1,B1,Y,80
K1,1,parent,13_01,13,1,A1,K1,Y,80
A1,2,child,67_35,67,35,D1,A1,Y,81
B1,2,child,40_39,40,39,D1,B1,Y,81
C1,2,child,35_35,35,35,A1,C1,Y,81
D1,2,parent,28_36,28,36,D1,K1,Y,81
E1,2,parent,43_40,43,40,E1,A1,Y,81
F1,1,parent,52_09,52,9,B1,F1,Y,81
G1,1,parent,67_07,67,7,G1,C1,Y,81
H1,1,parent,66_03,66,3,H1,E1,Y,81
I1,1,child,18_10,18,10,I1,B1,Y,81
K1,1,child,30_06,30,6,D1,K1,Y,81
A1,2,parent,15_40,15,40,H1,A1,Y,82
B1,2,parent,35_38,35,38,B1,I1,Y,82
C1,2,parent,10_38,10,38,C1,E1,Y,82
D1,1,parent,66_07,66,7,F1,D1,Y,82
E1,1,parent,09_07,9,7,E1,H1,Y,82
F1,1,child,47_08,47,8,G1,F1,Y,82
G1,1,child,64_06,64,6,D1,G1,N,82
H1,1,child,70_08,70,8,C1,H1,Y,82
I1,2,child,58_39,58,39,B1,I1,Y,82
K1,2,child,17_35,17,35,K1,A1,N,82
A1,1,parent,05_05,5,5,A1,D1,Y,83
B1,1,parent,09_01,9,1,K1,B1,Y,83
C1,1,parent,60_01,60,1,C1,I1,N,83
D1,1,child,72_04,72,4,D1,K1,Y,83
E1,1,child,44_02,44,2,E1,A1,Y,83
F1,2,child,74_33,74,33,G1,F1,Y,83
G1,2,child,34_33,34,33,G1,C1,Y,83
H1,2,child,18_35,18,35,H1,D1,Y,83
I1,2,parent,51_40,51,40,B1,I1,Y,83
K1,2,parent,65_36,65,36,K1,D1,Y,83
A1,1,child,58_08,58,8,H1,A1,Y,84
B1,1,child,60_06,60,6,I1,B1,Y,84
C1,1,child,47_10,47,10,H1,C1,Y,84
D1,2,child,20_39,20,39,D1,F1,Y,84
E1,2,child,74_31,74,31,A1,E1,Y,84
F1,2,parent,60_38,60,38,F1,C1,Y,84
G1,2,parent,66_34,66,34,G1,C1,Y,84
H1,2,parent,61_36,61,36,H1,A1,Y,84
I1,1,parent,67_03,67,3,I1,B1,Y,84
K1,1,parent,61_09,61,9,B1,K1,Y,84
A1,2,child,05_37,5,37,A1,H1,Y,85
B1,2,child,58_31,58,31,B1,I1,Y,85
C1,2,child,09_37,9,37,A1,C1,Y,85
D1,2,parent,70_36,70,36,D1,E1,Y,85
E1,2,parent,44_32,44,32,E1,B1,Y,85
F1,1,parent,57_07,57,7,B1,F1,Y,85
G1,1,parent,34_09,34,9,D1,G1,Y,85
H1,1,parent,07_03,7,3,H1,E1,Y,85
I1,1,child,56_06,56,6,C1,I1,Y,85
K1,1,child,32_06,32,6,F1,K1,Y,85
A1,2,parent,32_34,32,34,H1,A1,Y,86
B1,2,parent,67_34,67,34,I1,B1,Y,86
C1,2,parent,72_40,72,40,C1,I1,Y,86
D1,1,parent,07_05,7,5,F1,D1,Y,86
E1,1,parent,72_07,72,7,E1,H1,Y,86
F1,1,child,67_08,67,8,F1,B1,Y,86
G1,1,child,70_02,70,2,C1,G1,Y,86
H1,1,child,56_10,56,10,H1,D1,Y,86
I1,2,child,14_37,14,37,I1,E1,Y,86
K1,2,child,39_39,39,39,K1,D1,Y,86
A1,1,parent,55_05,55,5,A1,D1,Y,87
B1,1,parent,70_03,70,3,B1,D1,Y,87
C1,1,parent,57_03,57,3,E1,C1,Y,87
D1,1,child,16_02,16,2,K1,D1,N,87
E1,1,child,61_35,61,35,E1,B1,Y,87
F1,2,child,72_31,72,31,F1,B1,Y,87
G1,2,child,42_37,42,37,E1,G1,Y,87
H1,2,child,54_39,54,39,C1,H1,Y,87
I1,2,parent,56_34,56,34,B1,I1,Y,87
K1,2,parent,49_36,49,36,D1,K1,Y,87
A1,1,child,32_08,32,8,A1,D1,Y,88
B1,1,child,47_04,47,4,I1,B1,Y,88
C1,1,child,05_33,5,33,C1,A1,Y,88
D1,2,child,75_33,75,33,H1,D1,Y,88
E1,2,child,53_33,53,33,B1,E1,Y,88
G1,2,parent,52_40,52,40,G1,K1,Y,88
H1,2,parent,45_36,45,36,H1,C1,Y,88
I1,1,parent,07_01,7,1,C1,I1,Y,88
K1,1,parent,73_01,73,1,B1,K1,Y,88
A1,2,child,42_31,42,31,A1,K1,Y,89
B1,2,child,65_37,65,37,B1,I1,Y,89
C1,2,child,32_31,32,31,A1,C1,Y,89
D1,2,parent,74_34,74,34,D1,K1,Y,89
E1,2,parent,34_32,34,32,E1,H1,Y,89
F1,1,parent,64_01,64,1,K1,F1,Y,89
G1,1,parent,36_05,36,5,E1,G1,Y,89
H1,1,parent,40_07,40,7,C1,H1,Y,89
I1,1,child,34_06,34,6,B1,I1,Y,89
K1,1,child,75_04,75,4,K1,F1,Y,89
A1,2,parent,04_34,4,34,D1,A1,Y,90
B1,2,parent,74_36,74,36,B1,D1,Y,90
C1,2,parent,75_32,75,32,C1,A1,Y,90
D1,1,parent,53_03,53,3,H1,D1,Y,90
E1,1,parent,17_03,17,3,E1,I1,N,90
F1,1,child,20_10,20,10,F1,C1,Y,90
G1,1,child,17_08,17,8,G1,D1,Y,90
H1,1,child,49_33,49,33,H1,E1,Y,90
I1,2,child,35_33,35,33,I1,B1,Y,90
K1,2,child,70_35,70,35,F1,K1,Y,90
A1,1,parent,33_09,33,9,K1,A1,Y,91
B1,1,parent,28_01,28,1,D1,B1,Y,91
C1,1,parent,68_01,68,1,A1,C1,N,91
D1,1,child,18_06,18,6,F1,D1,Y,91
E1,1,child,40_04,40,4,E1,H1,Y,91
F1,2,child,39_35,39,35,G1,F1,Y,91
G1,2,child,36_31,36,31,G1,D1,Y,91
H1,2,child,47_31,47,31,H1,D1,Y,91
I1,2,parent,18_38,18,38,E1,I1,Y,91
K1,2,parent,16_40,16,40,B1,K1,Y,91
A1,1,child,53_10,53,10,A1,I1,Y,92
B1,1,child,37_06,37,6,K1,B1,Y,92
C1,1,child,56_08,56,8,C1,A1,Y,92
D1,2,child,52_39,52,39,D1,F1,Y,92
E1,2,child,50_33,50,33,A1,E1,Y,92
G1,2,parent,26_32,26,32,G1,D1,Y,92
H1,2,parent,58_38,58,38,H1,C1,Y,92
I1,1,parent,16_07,16,7,I1,E1,Y,92
K1,1,parent,57_05,57,5,K1,D1,Y,92
A1,2,child,18_37,18,37,A1,I1,Y,93
B1,2,child,39_31,39,31,I1,B1,Y,93
C1,2,child,69_35,69,35,C1,A1,Y,93
D1,2,parent,54_38,54,38,D1,H1,Y,93
E1,2,parent,64_40,64,40,H1,E1,Y,93
F1,1,parent,48_01,48,1,F1,B1,Y,93
G1,1,parent,45_09,45,9,G1,K1,Y,93
H1,1,parent,47_07,47,7,E1,H1,Y,93
I1,1,child,26_04,26,4,I1,A1,Y,93
K1,1,child,43_02,43,2,F1,K1,Y,93
A1,2,parent,66_36,66,36,A1,K1,Y,94
B1,2,child,45_37,45,37,B1,I1,Y,94
C1,2,child,12_31,12,31,H1,C1,Y,94
D1,1,parent,47_05,47,5,H1,D1,Y,94
E1,1,parent,66_05,66,5,E1,A1,Y,94
F1,1,child,49_06,49,6,F1,C1,Y,94
G1,1,child,71_04,71,4,G1,E1,Y,94
H1,1,child,17_04,17,4,H1,C1,Y,94
I1,2,child,37_39,37,39,I1,A1,Y,94
K1,2,child,10_39,10,39,B1,K1,Y,94
A1,1,parent,75_07,75,7,K1,A1,Y,95
B1,1,child,14_04,14,4,B1,D1,Y,95
C1,1,child,51_02,51,2,I1,C1,Y,95
D1,1,child,56_02,56,2,D1,K1,Y,95
E1,1,child,42_10,42,10,E1,H1,Y,95
F1,2,child,12_37,12,37,F1,G1,Y,95
G1,2,child,45_33,45,33,D1,G1,Y,95
H1,2,child,32_35,32,35,E1,H1,Y,95
I1,2,parent,48_36,48,36,C1,I1,Y,95
K1,2,parent,32_36,32,36,A1,K1,Y,95
A1,1,child,36_06,36,6,D1,A1,Y,96
B1,1,parent,59_07,59,7,D1,B1,Y,96
C1,1,parent,53_09,53,9,A1,C1,Y,96
D1,2,child,14_33,14,33,D1,H1,Y,96
E1,2,child,60_35,60,35,H1,E1,Y,96
F1,2,child,52_37,52,37,C1,F1,Y,96
G1,2,parent,57_36,57,36,D1,G1,Y,96
H1,2,parent,72_36,72,36,D1,H1,Y,96
I1,1,parent,37_05,37,5,C1,I1,Y,96
K1,1,parent,04_01,4,1,K1,F1,Y,96
A1,2,child,56_37,56,37,I1,A1,Y,97
B1,2,child,52_35,52,35,C1,B1,Y,97
C1,2,parent,66_40,66,40,C1,E1,Y,97
D1,2,parent,50_32,50,32,K1,D1,Y,97
E1,2,parent,31_34,31,34,B1,E1,Y,97
F1,1,child,42_04,42,4,F1,B1,Y,97
G1,1,parent,10_09,10,9,D1,G1,Y,97
H1,1,parent,68_05,68,5,A1,H1,Y,97
I1,1,child,09_04,9,4,I1,A1,Y,97
K1,1,child,21_10,21,10,K1,D1,N,97
A1,2,parent,48_40,48,40,A1,I1,Y,98
B1,2,child,72_37,72,37,C1,B1,N,98
C1,2,parent,52_38,52,38,H1,C1,Y,98
D1,1,parent,09_05,9,5,F1,D1,Y,98
E1,1,parent,60_05,60,5,E1,A1,Y,98
F1,1,parent,74_07,74,7,F1,C1,Y,98
G1,1,child,48_04,48,4,G1,K1,Y,98
H1,1,child,67_04,67,4,A1,H1,Y,98
I1,2,child,05_39,5,39,I1,C1,Y,98
K1,2,child,13_33,13,33,F1,K1,Y,98
A1,1,parent,69_03,69,3,H1,A1,Y,99
B1,1,child,05_04,5,4,I1,B1,Y,99
C1,1,parent,61_03,61,3,H1,C1,Y,99
D1,1,child,74_08,74,8,D1,F1,Y,99
E1,1,child,57_02,57,2,I1,E1,Y,99
F1,2,child,21_35,21,35,C1,F1,Y,99
G1,2,child,07_37,7,37,G1,E1,Y,99
H1,2,child,43_35,43,35,H1,E1,Y,99
I1,2,parent,34_36,34,36,I1,C1,Y,99
A1,1,child,40_10,40,10,A1,H1,Y,100
B1,1,parent,61_05,61,5,I1,B1,Y,100
C1,1,child,39_04,39,4,C1,A1,Y,100
D1,2,child,10_35,10,35,D1,H1,Y,100
E1,2,child,10_31,10,31,E1,B1,Y,100
F1,2,child,56_39,56,39,G1,F1,Y,100
G1,2,parent,49_34,49,34,G1,K1,Y,100
H1,2,parent,56_38,56,38,H1,E1,N,100
I1,1,parent,59_05,59,5,A1,I1,Y,100
K1,1,parent,70_07,70,7,K1,D1,Y,100
A1,2,child,38_35,38,35,I1,A1,N,101
B1,2,child,42_33,42,33,B1,I1,Y,101
C1,2,child,64_31,64,31,C1,H1,Y,101
D1,2,parent,55_38,55,38,D1,H1,Y,101
E1,2,parent,40_36,40,36,I1,E1,Y,101
F1,1,child,51_10,51,10,B1,F1,Y,101
G1,1,parent,47_01,47,1,D1,G1,Y,101
H1,1,parent,59_01,59,1,H1,D1,N,101
I1,1,child,49_10,49,10,B1,I1,Y,101
K1,1,child,60_04,60,4,F1,K1,Y,101
A1,2,parent,53_36,53,36,D1,A1,Y,102
B1,2,child,59_33,59,33,B1,C1,Y,102
C1,2,parent,18_32,18,32,C1,I1,Y,102
D1,1,parent,48_07,48,7,D1,F1,Y,102
E1,1,parent,36_01,36,1,E1,A1,Y,102
F1,1,parent,26_03,26,3,B1,F1,Y,102
G1,1,child,74_02,74,2,K1,G1,Y,102
H1,1,child,61_10,61,10,H1,C1,Y,102
I1,2,child,50_35,50,35,B1,I1,Y,102
K1,2,child,46_33,46,33,K1,B1,Y,102
A1,1,parent,71_05,71,5,K1,A1,Y,103
B1,1,child,30_04,30,4,B1,C1,Y,103
C1,1,parent,54_09,54,9,E1,C1,Y,103
D1,1,child,68_10,68,10,D1,E1,Y,103
E1,1,child,11_02,11,2,B1,E1,Y,103
F1,2,child,18_33,18,33,F1,K1,Y,103
G1,2,child,31_33,31,33,E1,G1,Y,103
H1,2,child,46_37,46,37,H1,D1,Y,103
A1,1,child,30_10,30,10,H1,A1,Y,104
B1,1,parent,31_07,31,7,I1,B1,Y,104
C1,1,child,52_06,52,6,C1,A1,Y,104
D1,2,child,49_31,49,31,D1,E1,Y,104
E1,2,child,18_31,18,31,E1,H1,Y,104
F1,2,child,26_35,26,35,C1,F1,Y,104
G1,2,parent,71_32,71,32,G1,D1,Y,104
H1,2,child,62_35,62,35,A1,H1,Y,104
I1,1,parent,31_40,31,40,E1,I1,Y,104
K1,1,parent,56_07,56,7,D1,K1,Y,104
A1,2,child,47_39,47,39,H1,A1,Y,105
B1,2,child,10_37,10,37,I1,B1,Y,105
C1,2,child,26_33,26,33,E1,C1,Y,105
D1,2,parent,72_32,72,32,H1,D1,Y,105
E1,2,child,32_33,32,33,E1,B1,Y,105
F1,1,child,62_08,62,8,F1,K1,Y,105
G1,1,parent,73_09,73,9,C1,G1,Y,105
H1,1,child,16_08,16,8,H1,C1,Y,105
I1,1,child,12_04,12,4,I1,B1,Y,105
K1,1,child,34_10,34,10,K1,A1,Y,105
A1,2,parent,27_32,27,32,A1,H1,Y,106
B1,2,child,16_39,16,39,B1,C1,Y,106
D1,1,parent,38_01,38,1,K1,D1,Y,106
E1,1,child,34_02,34,2,E1,A1,Y,106
F1,1,parent,36_03,36,3,F1,B1,Y,106
G1,1,child,28_04,28,4,G1,E1,N,106
H1,1,parent,48_05,48,5,E1,H1,N,106
I1,2,child,21_39,21,39,A1,I1,Y,106
K1,2,child,57_33,57,33,A1,K1,Y,106
A1,1,parent,44_03,44,3,A1,D1,Y,107
B1,1,child,67_10,67,10,B1,D1,Y,107
C1,1,parent,34_03,34,3,A1,C1,Y,107
D1,1,child,34_04,34,4,D1,F1,Y,107
E1,1,parent,53_07,53,7,E1,H1,Y,107
F1,2,child,68_35,68,35,F1,C1,Y,107
G1,2,child,16_35,16,35,G1,E1,Y,107
H1,2,child,40_37,40,37,H1,E1,Y,107
A1,1,child,52_04,52,4,K1,A1,N,108
B1,1,parent,51_05,51,5,B1,K1,Y,108
C1,1,child,33_08,33,8,A1,C1,Y,108
D1,2,child,37_37,37,37,K1,D1,Y,108
E1,2,child,37_31,37,31,E1,I1,Y,108
F1,2,child,48_35,48,35,F1,K1,Y,108
G1,2,parent,09_34,9,34,E1,G1,Y,108
H1,2,child,20_31,20,31,C1,H1,Y,108
I1,1,parent,60_09,60,9,C1,I1,N,108
K1,1,parent,50_01,50,1,B1,K1,Y,108
A1,2,child,11_31,11,31,K1,A1,Y,109
B1,2,child,27_33,27,33,K1,B1,Y,109
C1,2,child,14_35,14,35,I1,C1,Y,109
E1,2,child,66_35,66,35,E1,B1,Y,109
F1,1,child,59_10,59,10,F1,K1,Y,109
G1,1,parent,58_07,58,7,E1,G1,Y,109
H1,1,child,27_10,27,10,H1,A1,Y,109
I1,1,child,68_04,68,4,I1,E1,N,109
K1,1,child,72_02,72,2,D1,K1,Y,109
A1,2,child,12_35,12,35,K1,A1,N,110
D1,1,parent,62_01,62,1,D1,F1,Y,110
E1,1,child,07_10,7,10,I1,E1,Y,110
F1,1,parent,33_03,33,3,B1,F1,Y,110
G1,1,child,05_08,5,8,G1,C1,N,110
H1,1,parent,28_07,28,7,D1,H1,N,110
I1,2,child,53_35,53,35,I1,C1,Y,110
K1,2,child,69_37,69,37,K1,D1,Y,110
A1,1,child,61_04,61,4,H1,A1,Y,111
B1,1,child,54_06,54,6,B1,K1,Y,111
C1,1,parent,12_05,12,5,A1,C1,Y,111
D1,1,child,13_02,13,2,D1,K1,Y,111
E1,1,parent,74_03,74,3,I1,E1,Y,111
G1,2,child,27_31,27,31,K1,G1,Y,111
H1,2,child,31_39,31,39,H1,E1,Y,111
K1,2,child,48_33,48,33,B1,K1,Y,111
A1,1,parent,18_07,18,7,A1,D1,Y,112
B1,1,parent,58_09,58,9,D1,B1,Y,112
C1,1,child,38_08,38,8,C1,E1,Y,112
D1,2,child,51_39,51,39,F1,D1,Y,112
E1,2,child,55_31,55,31,E1,B1,Y,112
H1,2,child,59_35,59,35,H1,C1,Y,112
I1,1,parent,58_01,58,1,E1,I1,Y,112
K1,1,child,55_06,55,6,A1,K1,Y,112
A1,2,child,17_39,17,39,A1,D1,N,113
B1,2,parent,75_36,75,36,K1,B1,Y,113
C1,2,child,53_31,53,31,H1,C1,Y,113
D1,2,child,36_37,36,37,D1,K1,Y,113
E1,2,child,58_33,58,33,E1,A1,Y,113
F1,1,child,05_02,5,2,B1,F1,N,113
G1,1,parent,15_03,15,3,D1,G1,Y,113
H1,1,child,09_06,9,6,C1,H1,Y,113
I1,1,child,74_10,74,10,I1,C1,Y,113
K1,1,parent,11_03,11,3,F1,K1,Y,113
A1,2,child,33_31,33,31,H1,A1,Y,114
D1,1,child,73_06,73,6,D1,E1,Y,114
E1,1,child,20_04,20,4,E1,A1,Y,114
F1,1,parent,55_09,55,9,F1,B1,Y,114
G1,1,child,51_06,51,6,G1,C1,Y,114
H1,1,parent,20_09,20,9,A1,H1,Y,114
I1,2,child,70_39,70,39,B1,I1,Y,114
K1,2,child,51_37,51,37,F1,K1,Y,114
A1,1,child,13_06,13,6,D1,A1,Y,115
B1,1,child,71_10,71,10,B1,I1,Y,115
C1,1,parent,64_03,64,3,A1,C1,Y,115
D1,1,parent,12_03,12,3,D1,E1,Y,115
E1,1,parent,30_03,30,3,I1,E1,Y,115
G1,2,child,75_37,75,37,G1,C1,Y,115
K1,2,child,05_35,5,35,K1,A1,Y,115
A1,1,parent,12_07,12,7,D1,A1,Y,116
B1,1,parent,39_03,39,3,B1,D1,Y,116
C1,1,child,55_10,55,10,C1,I1,Y,116
D1,2,child,62_37,62,37,D1,E1,Y,116
I1,1,parent,70_01,70,1,A1,I1,Y,116
K1,1,child,42_02,42,2,K1,B1,Y,116
A1,2,child,34_37,34,37,A1,K1,Y,117
B1,2,parent,69_36,69,36,I1,B1,Y,117
C1,2,child,58_35,58,35,C1,A1,Y,117
D1,2,child,26_39,26,39,F1,D1,Y,117
F1,1,child,31_02,31,2,B1,F1,Y,117
G1,1,parent,55_01,55,1,D1,G1,Y,117
H1,1,child,10_02,10,2,E1,H1,Y,117
I1,1,child,57_06,57,6,A1,I1,Y,117
K1,1,parent,45_05,45,5,D1,K1,Y,117
D1,1,child,17_10,17,10,D1,E1,Y,118
E1,1,child,73_02,73,2,E1,I1,N,118
F1,1,parent,72_03,72,3,C1,F1,Y,118
G1,1,child,46_06,46,6,G1,C1,Y,118
H1,1,parent,18_09,18,9,H1,E1,Y,118
I1,2,child,46_35,46,35,I1,E1,Y,118
A1,1,child,57_08,57,8,I1,A1,Y,119
B1,1,child,17_02,17,2,B1,K1,Y,119
C1,1,parent,59_03,59,3,C1,A1,Y,119
D1,1,parent,30_07,30,7,D1,H1,Y,119
E1,1,parent,49_03,49,3,H1,E1,Y,119
G1,2,child,18_39,18,39,E1,G1,Y,119
H1,2,parent,52_34,52,34,A1,H1,Y,119
I1,2,child,27_37,27,37,I1,E1,Y,119
